-- phpMyAdmin SQL Dump
-- version 4.8.5
-- https://www.phpmyadmin.net/
--
-- Host: 127.0.0.1
-- Generation Time: Jul 18, 2019 at 11:42 AM
-- Server version: 10.1.38-MariaDB
-- PHP Version: 7.3.3

SET SQL_MODE = "NO_AUTO_VALUE_ON_ZERO";
SET AUTOCOMMIT = 0;
START TRANSACTION;
SET time_zone = "+00:00";


/*!40101 SET @OLD_CHARACTER_SET_CLIENT=@@CHARACTER_SET_CLIENT */;
/*!40101 SET @OLD_CHARACTER_SET_RESULTS=@@CHARACTER_SET_RESULTS */;
/*!40101 SET @OLD_COLLATION_CONNECTION=@@COLLATION_CONNECTION */;
/*!40101 SET NAMES utf8mb4 */;

--
-- Database: `pchrd_evaluation`
--

-- --------------------------------------------------------

--
-- Table structure for table `membership_grouppermissions`
--

CREATE TABLE `membership_grouppermissions` (
  `permissionID` int(10) UNSIGNED NOT NULL,
  `groupID` int(10) UNSIGNED DEFAULT NULL,
  `tableName` varchar(100) DEFAULT NULL,
  `allowInsert` tinyint(4) NOT NULL DEFAULT '0',
  `allowView` tinyint(4) NOT NULL DEFAULT '0',
  `allowEdit` tinyint(4) NOT NULL DEFAULT '0',
  `allowDelete` tinyint(4) NOT NULL DEFAULT '0'
) ENGINE=InnoDB DEFAULT CHARSET=utf8;

--
-- Dumping data for table `membership_grouppermissions`
--

INSERT INTO `membership_grouppermissions` (`permissionID`, `groupID`, `tableName`, `allowInsert`, `allowView`, `allowEdit`, `allowDelete`) VALUES
(1, 2, 'question_types', 1, 3, 3, 3),
(2, 2, 'questions', 1, 3, 3, 3),
(3, 2, 'sessions', 1, 3, 3, 3),
(4, 2, 'speakers', 1, 3, 3, 3),
(5, 2, 'session_questions', 1, 3, 3, 3),
(6, 2, 'responses', 1, 3, 3, 3),
(13, 2, 'respondents', 1, 3, 3, 3);

-- --------------------------------------------------------

--
-- Table structure for table `membership_groups`
--

CREATE TABLE `membership_groups` (
  `groupID` int(10) UNSIGNED NOT NULL,
  `name` varchar(100) NOT NULL,
  `description` text,
  `allowSignup` tinyint(4) DEFAULT NULL,
  `needsApproval` tinyint(4) DEFAULT NULL
) ENGINE=InnoDB DEFAULT CHARSET=utf8;

--
-- Dumping data for table `membership_groups`
--

INSERT INTO `membership_groups` (`groupID`, `name`, `description`, `allowSignup`, `needsApproval`) VALUES
(1, 'anonymous', 'Anonymous group created automatically on 2019-03-05', 0, 0),
(2, 'Admins', 'Admin group created automatically on 2019-03-05', 0, 1);

-- --------------------------------------------------------

--
-- Table structure for table `membership_userpermissions`
--

CREATE TABLE `membership_userpermissions` (
  `permissionID` int(10) UNSIGNED NOT NULL,
  `memberID` varchar(100) NOT NULL,
  `tableName` varchar(100) DEFAULT NULL,
  `allowInsert` tinyint(4) NOT NULL DEFAULT '0',
  `allowView` tinyint(4) NOT NULL DEFAULT '0',
  `allowEdit` tinyint(4) NOT NULL DEFAULT '0',
  `allowDelete` tinyint(4) NOT NULL DEFAULT '0'
) ENGINE=InnoDB DEFAULT CHARSET=utf8;

-- --------------------------------------------------------

--
-- Table structure for table `membership_userrecords`
--

CREATE TABLE `membership_userrecords` (
  `recID` bigint(20) UNSIGNED NOT NULL,
  `tableName` varchar(100) DEFAULT NULL,
  `pkValue` varchar(255) DEFAULT NULL,
  `memberID` varchar(100) DEFAULT NULL,
  `dateAdded` bigint(20) UNSIGNED DEFAULT NULL,
  `dateUpdated` bigint(20) UNSIGNED DEFAULT NULL,
  `groupID` int(10) UNSIGNED DEFAULT NULL
) ENGINE=InnoDB DEFAULT CHARSET=utf8;

--
-- Dumping data for table `membership_userrecords`
--

INSERT INTO `membership_userrecords` (`recID`, `tableName`, `pkValue`, `memberID`, `dateAdded`, `dateUpdated`, `groupID`) VALUES
(1, 'question_types', '1', 'admin', 1551764012, 1551764012, 2),
(2, 'question_types', '2', 'admin', 1551764021, 1551764021, 2),
(3, 'question_types', '3', 'admin', 1551764050, 1551764050, 2),
(4, 'question_types', '4', 'admin', 1551764065, 1551767599, 2),
(5, 'question_types', '5', 'admin', 1551764076, 1551764076, 2),
(6, 'sessions', '1', 'admin', 1551766677, 1552284275, 2),
(7, 'sessions', '2', 'admin', 1551766713, 1552281351, 2),
(8, 'sessions', '3', 'admin', 1551766802, 1552281346, 2),
(9, 'sessions', '4', 'admin', 1551766823, 1552281334, 2),
(10, 'sessions', '5', 'admin', 1551766845, 1552281323, 2),
(12, 'session_questions', '1', 'admin', 1551767166, 1552283620, 2),
(13, 'questions', '2', 'admin', 1551767888, 1551767888, 2),
(14, 'questions', '3', 'admin', 1551767930, 1551767930, 2),
(15, 'questions', '4', 'admin', 1551767948, 1551767948, 2),
(16, 'questions', '5', 'admin', 1551767962, 1551767962, 2),
(17, 'questions', '6', 'admin', 1551768345, 1551768345, 2),
(18, 'questions', '7', 'admin', 1551768369, 1551768369, 2),
(19, 'session_questions', '2', 'admin', 1551772644, 1552283686, 2),
(20, 'session_questions', '3', 'admin', 1551772671, 1552283700, 2),
(21, 'session_questions', '4', 'admin', 1551772691, 1552283720, 2),
(22, 'session_questions', '5', 'admin', 1551772716, 1552283727, 2),
(23, 'session_questions', '6', 'admin', 1551772739, 1552283733, 2),
(24, 'session_questions', '7', 'admin', 1551772760, 1552283740, 2),
(25, 'session_questions', '8', 'admin', 1551772872, 1552283782, 2),
(26, 'session_questions', '9', 'admin', 1551772888, 1552283810, 2),
(27, 'questions', '8', 'admin', 1551773335, 1551859679, 2),
(28, 'session_questions', '10', 'admin', 1551773410, 1552283835, 2),
(29, 'session_questions', '11', 'admin', 1551773438, 1552283843, 2),
(30, 'session_questions', '12', 'admin', 1551773457, 1552283850, 2),
(31, 'session_questions', '13', 'admin', 1551773480, 1552283857, 2),
(32, 'session_questions', '14', 'admin', 1551773495, 1552283864, 2),
(33, 'questions', '9', 'admin', 1551773549, 1551773557, 2),
(34, 'session_questions', '15', 'admin', 1551773576, 1552283897, 2),
(35, 'questions', '10', 'admin', 1551773606, 1551773606, 2),
(36, 'session_questions', '16', 'admin', 1551773620, 1552283904, 2),
(37, 'questions', '11', 'admin', 1551773652, 1552278009, 2),
(38, 'session_questions', '17', 'admin', 1551773670, 1552283912, 2),
(39, 'questions', '12', 'admin', 1551773698, 1552278022, 2),
(40, 'session_questions', '18', 'admin', 1551773714, 1552283918, 2),
(41, 'questions', '13', 'admin', 1551773745, 1551773745, 2),
(42, 'session_questions', '19', 'admin', 1551773842, 1552283924, 2),
(43, 'session_questions', '20', 'admin', 1551773900, 1552283930, 2),
(44, 'sessions', '6', 'admin', 1551774228, 1552281367, 2),
(45, 'session_questions', '21', 'admin', 1551774315, 1552283963, 2),
(46, 'session_questions', '22', 'admin', 1551774351, 1552283969, 2),
(47, 'session_questions', '23', 'admin', 1551774375, 1552283975, 2),
(48, 'session_questions', '24', 'admin', 1551774409, 1552283982, 2),
(49, 'session_questions', '25', 'admin', 1551774438, 1552283988, 2),
(50, 'session_questions', '26', 'admin', 1551774462, 1552283995, 2),
(52, 'session_questions', '28', 'admin', 1551774513, 1552284002, 2),
(53, 'session_questions', '29', 'admin', 1551774579, 1552284060, 2),
(54, 'session_questions', '30', 'admin', 1551774598, 1552284459, 2),
(55, 'session_questions', '31', 'admin', 1551774619, 1552284464, 2),
(56, 'session_questions', '32', 'admin', 1551774647, 1552284471, 2),
(57, 'session_questions', '33', 'admin', 1551774666, 1552284478, 2),
(58, 'questions', '14', 'admin', 1551859441, 1552284329, 2),
(59, 'questions', '15', 'admin', 1551859510, 1551859510, 2),
(60, 'questions', '16', 'admin', 1551859535, 1551859535, 2),
(61, 'questions', '17', 'admin', 1551859638, 1551859638, 2),
(62, 'session_questions', '34', 'admin', 1551859658, 1552284493, 2),
(63, 'sessions', '7', 'admin', 1551862370, 1552281395, 2),
(64, 'questions', '18', 'admin', 1551862408, 1551862408, 2),
(65, 'session_questions', '35', 'admin', 1551862536, 1552281810, 2),
(66, 'session_questions', '36', 'admin', 1551862552, 1551862552, 2),
(67, 'session_questions', '37', 'admin', 1551865802, 1552282424, 2),
(68, 'session_questions', '38', 'admin', 1551865818, 1552282431, 2),
(69, 'session_questions', '39', 'admin', 1551865832, 1552282439, 2),
(70, 'session_questions', '40', 'admin', 1551865852, 1552282450, 2),
(71, 'respondents', '1', 'admin', 1551941124, 1551941124, 2),
(72, 'speakers', '1', 'admin', 1552271957, 1552271993, 2),
(73, 'speakers', '2', 'admin', 1552271973, 1552272000, 2),
(74, 'speakers', '3', 'admin', 1552272018, 1552272018, 2),
(75, 'speakers', '4', 'admin', 1552272028, 1552272028, 2),
(76, 'speakers', '5', 'admin', 1552272062, 1552272062, 2),
(77, 'questions', '19', 'admin', 1552272895, 1552272895, 2),
(78, 'questions', '20', 'admin', 1552272912, 1552272912, 2),
(79, 'questions', '21', 'admin', 1552272934, 1552272934, 2),
(80, 'questions', '22', 'admin', 1552272946, 1552272946, 2),
(81, 'questions', '23', 'admin', 1552272962, 1552272962, 2),
(82, 'session_questions', '42', 'admin', 1552273108, 1552283707, 2),
(83, 'session_questions', '43', 'admin', 1552273142, 1552283826, 2),
(84, 'session_questions', '45', 'admin', 1552277052, 1552284501, 2),
(85, 'questions', '24', 'admin', 1552277617, 1552277617, 2),
(86, 'session_questions', '46', 'admin', 1552277634, 1552281847, 2),
(87, 'sessions', '8', 'admin', 1562030645, 1562659190, 2),
(88, 'questions', '25', 'admin', 1562031212, 1563416926, 2),
(89, 'questions', '26', 'admin', 1562031257, 1563416938, 2),
(90, 'session_questions', '47', 'admin', 1562031349, 1562031349, 2),
(91, 'sessions', '9', 'admin', 1562031404, 1562659211, 2),
(92, 'session_questions', '48', 'admin', 1562031413, 1562031413, 2),
(93, 'sessions', '10', 'admin', 1562659258, 1562751255, 2),
(94, 'questions', '27', 'admin', 1562659756, 1562751280, 2),
(95, 'session_questions', '49', 'admin', 1562659800, 1562659800, 2),
(96, 'sessions', '11', 'admin', 1563247863, 1563250985, 2),
(97, 'questions', '28', 'admin', 1563247892, 1563247892, 2),
(98, 'questions', '29', 'admin', 1563247902, 1563247902, 2),
(99, 'questions', '30', 'admin', 1563247909, 1563247909, 2),
(100, 'questions', '31', 'admin', 1563247921, 1563247921, 2),
(101, 'questions', '32', 'admin', 1563247984, 1563247984, 2),
(102, 'questions', '33', 'admin', 1563248007, 1563248007, 2),
(103, 'session_questions', '50', 'admin', 1563248048, 1563248048, 2),
(104, 'session_questions', '51', 'admin', 1563248063, 1563248063, 2),
(105, 'session_questions', '52', 'admin', 1563248084, 1563248084, 2),
(106, 'session_questions', '53', 'admin', 1563248096, 1563248096, 2),
(107, 'session_questions', '54', 'admin', 1563248114, 1563248114, 2),
(108, 'session_questions', '55', 'admin', 1563248157, 1563248212, 2),
(109, 'question_types', '6', 'admin', 1563248198, 1563248198, 2),
(110, 'questions', '34', 'admin', 1563250147, 1563250147, 2),
(111, 'session_questions', '56', 'admin', 1563250172, 1563250172, 2);

-- --------------------------------------------------------

--
-- Table structure for table `membership_users`
--

CREATE TABLE `membership_users` (
  `memberID` varchar(100) NOT NULL,
  `passMD5` varchar(255) DEFAULT NULL,
  `email` varchar(100) DEFAULT NULL,
  `signupDate` date DEFAULT NULL,
  `groupID` int(10) UNSIGNED DEFAULT NULL,
  `isBanned` tinyint(4) DEFAULT NULL,
  `isApproved` tinyint(4) DEFAULT NULL,
  `custom1` text,
  `custom2` text,
  `custom3` text,
  `custom4` text,
  `comments` text,
  `pass_reset_key` varchar(100) DEFAULT NULL,
  `pass_reset_expiry` int(10) UNSIGNED DEFAULT NULL,
  `flags` text
) ENGINE=InnoDB DEFAULT CHARSET=utf8;

--
-- Dumping data for table `membership_users`
--

INSERT INTO `membership_users` (`memberID`, `passMD5`, `email`, `signupDate`, `groupID`, `isBanned`, `isApproved`, `custom1`, `custom2`, `custom3`, `custom4`, `comments`, `pass_reset_key`, `pass_reset_expiry`, `flags`) VALUES
('admin', '$2y$10$XZToMGGxeYwNy8kKCEfv5uwlqRh2omDCZ2SyzYnvuMx6D.YQfyCV2', 'kdsoldevilla@pchrd.dost.gov.ph', '2019-03-05', 2, 0, 1, NULL, NULL, NULL, NULL, 'Admin member created automatically on 2019-03-05', NULL, NULL, '[{\"message\":\"Someone might have been trying to access your account by stealing your cookie-based access token. As a precaution, you have been logged out and are required to re-enter your login credentials to sign in.\",\"severity\":\"danger\",\"read\":false}]'),
('guest', NULL, NULL, '2019-03-05', 1, 0, 1, NULL, NULL, NULL, NULL, 'Anonymous member created automatically on 2019-03-05', NULL, NULL, NULL);

-- --------------------------------------------------------

--
-- Table structure for table `membership_usersessions`
--

CREATE TABLE `membership_usersessions` (
  `memberID` varchar(100) NOT NULL,
  `token` varchar(100) NOT NULL,
  `agent` varchar(100) NOT NULL,
  `expiry_ts` int(10) UNSIGNED NOT NULL
) ENGINE=InnoDB DEFAULT CHARSET=utf8;

-- --------------------------------------------------------

--
-- Table structure for table `questions`
--

CREATE TABLE `questions` (
  `id` int(10) UNSIGNED NOT NULL,
  `question` varchar(255) DEFAULT NULL,
  `remarks` text
) ENGINE=InnoDB DEFAULT CHARSET=utf8;

--
-- Dumping data for table `questions`
--

INSERT INTO `questions` (`id`, `question`, `remarks`) VALUES
(2, 'How would you rate each part of the program based on relevance of content and quality of presentations?', NULL),
(3, 'How would you rate {SPEAKER} based on demonstration of expertise on the topic, effectiveness of response to questions, and new information provided?', NULL),
(4, 'How would you rate the pre-event communication?', NULL),
(5, 'How would you rate the onsite coordination of activities (e.g. registration, kit, etc.)?', NULL),
(6, 'Please comment on topics within the session subject matter which you feel should be covered in greater depth/added and/or should be given reduced coverage/dropped.', NULL),
(7, 'What are your insights and suggestions to improve future sessions?', NULL),
(8, 'Overall, how would you rate the Academe and Industry Stakeholders Forum on Technology Commercialization?', NULL),
(9, 'Overall, how would you rate the 3-Minute Pitch to Policymakers?', NULL),
(10, 'The orientation program is clear and easy to understand.', NULL),
(11, 'The purpose of the activity is clear.', NULL),
(12, 'The activity objective/s is met.', NULL),
(13, 'The place/time is convenient for me.', NULL),
(14, 'Overall, how would you rate the Developing a Research-based Biomedical Device and Diagnostics Industry?', NULL),
(15, 'Overall, how would you rate the PAMJE Annual Educational Session and 7th General Assembly?', NULL),
(16, 'Overall, how would you rate the PCHRD Scholars Society General  Assembly?', NULL),
(17, 'Overall, how would you rate the 37th PCHRD Anniversary?', NULL),
(18, 'Overall, how would you rate the DIAGNOSTIC INNOVATIONS FROM LAB TO MARKET: Translating Good Ideas into Lasting Impact?', NULL),
(19, 'How would you rate Dr. Junjie Chiong based on demonstration of expertise on the topic, effectiveness of response to questions, and new information provided?', NULL),
(20, 'How would you rate Ms. Tala de los Santos based on demonstration of expertise on the topic, effectiveness of response to questions, and new information provided?', NULL),
(21, 'How would you rate Dr. Russell Walker based on demonstration of expertise on the topic, effectiveness of response to questions, and new information provided?', NULL),
(22, 'How would you rate Dr. Michael Braun based on demonstration of expertise on the topic, effectiveness of response to questions, and new information provided?', NULL),
(23, 'How would you rate Prof. Dr. Jose Florencio Lapeña, Jr. based on demonstration of expertise on the topic, effectiveness of response to questions, and new information provided?', NULL),
(24, 'The speaker (Ms. Tala de los Santos) demonstrated expertise on topic and provided new information', NULL),
(25, 'I enjoyed the Health Cluster Exhibits.', NULL),
(26, 'Nagalak ako sa Health Cluster Exhibits.', NULL),
(27, 'How would you rate the 13th PNHRS Week Celebration?', NULL),
(28, 'How will you rate our performers?', NULL),
(29, 'How will you rate our speaker?', NULL),
(30, 'How will you rate our venue?', NULL),
(31, 'How will you rate our tokens/give-aways?', NULL),
(32, 'Overall, how will you rate Hataw Agham?', NULL),
(33, 'Are you encouraged to pursue a healthier lifestyle after this event?', NULL),
(34, 'Please leave your comments/suggestions, if any!', NULL);

-- --------------------------------------------------------

--
-- Table structure for table `question_types`
--

CREATE TABLE `question_types` (
  `id` int(10) UNSIGNED NOT NULL,
  `type` varchar(255) DEFAULT NULL,
  `remarks` text
) ENGINE=InnoDB DEFAULT CHARSET=utf8;

--
-- Dumping data for table `question_types`
--

INSERT INTO `question_types` (`id`, `type`, `remarks`) VALUES
(1, 'Emoji Ratings', NULL),
(2, 'Likert Scale', NULL),
(3, 'Freetext Input', NULL),
(4, 'Satisfaction Survey', NULL),
(5, 'Comment / Textarea', NULL),
(6, 'Yes/No', NULL);

-- --------------------------------------------------------

--
-- Table structure for table `respondents`
--

CREATE TABLE `respondents` (
  `id` int(10) UNSIGNED NOT NULL,
  `name` varchar(40) DEFAULT NULL,
  `institution` varchar(40) DEFAULT NULL
) ENGINE=InnoDB DEFAULT CHARSET=utf8;

--
-- Dumping data for table `respondents`
--

INSERT INTO `respondents` (`id`, `name`, `institution`) VALUES
(1, 'Anonymous', 'Unknown');

-- --------------------------------------------------------

--
-- Table structure for table `responses`
--

CREATE TABLE `responses` (
  `id` int(10) UNSIGNED NOT NULL,
  `response` text NOT NULL,
  `question_id` int(10) UNSIGNED DEFAULT NULL,
  `respondent_id` int(10) UNSIGNED DEFAULT NULL
) ENGINE=InnoDB DEFAULT CHARSET=utf8;

--
-- Dumping data for table `responses`
--

INSERT INTO `responses` (`id`, `response`, `question_id`, `respondent_id`) VALUES
(1, 'Strongly Agree', 47, 1),
(2, 'Strongly Agree', 47, 1),
(3, 'Strongly Agree', 47, 1),
(4, 'Agree', 47, 1),
(5, 'Strongly Agree', 47, 1),
(6, 'Strongly Agree', 47, 1),
(7, 'Strongly Agree', 47, 1),
(8, 'Strongly Agree', 47, 1),
(9, 'Strongly Agree', 47, 1),
(10, 'Strongly Agree', 47, 1),
(11, 'Strongly Agree', 47, 1),
(12, 'Strongly Agree', 47, 1),
(13, 'Agree', 47, 1),
(14, 'Strongly Agree', 47, 1),
(15, 'Strongly Agree', 47, 1),
(16, 'Strongly Agree', 47, 1),
(17, 'Strongly Agree', 47, 1),
(18, 'Agree', 47, 1),
(19, 'Agree', 47, 1),
(20, 'Strongly Agree', 47, 1),
(21, 'Strongly Agree', 47, 1),
(22, 'Strongly Agree', 47, 1),
(23, 'Strongly Agree', 47, 1),
(24, 'Strongly Agree', 47, 1),
(25, 'Strongly Agree', 47, 1),
(26, 'Strongly Agree', 47, 1),
(27, 'Strongly Agree', 47, 1),
(28, 'Strongly Agree', 47, 1),
(29, 'Strongly Agree', 47, 1),
(30, 'Strongly Agree', 47, 1),
(31, 'Strongly Agree', 47, 1),
(32, 'Strongly Agree', 47, 1),
(33, 'Strongly Agree', 47, 1),
(34, 'Strongly Agree', 47, 1),
(35, 'Strongly Agree', 47, 1),
(36, 'Strongly Agree', 47, 1),
(37, 'Agree', 47, 1),
(38, 'Strongly Agree', 47, 1),
(39, 'Agree', 47, 1),
(40, 'Strongly Agree', 47, 1),
(41, 'Strongly Agree', 47, 1),
(42, 'Strongly Agree', 47, 1),
(43, 'Strongly Agree', 47, 1),
(44, 'Agree', 47, 1),
(45, 'Strongly Agree', 47, 1),
(46, 'Agree', 47, 1),
(47, 'Strongly Agree', 47, 1),
(48, 'Strongly Agree', 47, 1),
(49, 'Strongly Agree', 47, 1),
(50, 'Agree', 47, 1),
(51, 'Strongly Agree', 47, 1),
(52, 'Sumasang-ayon', 48, 1),
(53, 'Strongly Agree', 47, 1),
(54, 'Strongly Agree', 47, 1),
(55, 'Strongly Agree', 47, 1),
(56, 'Strongly Agree', 47, 1),
(57, 'Strongly Agree', 47, 1),
(58, 'Agree', 47, 1),
(59, 'Strongly Agree', 47, 1),
(60, 'Strongly Agree', 47, 1),
(61, 'Strongly Agree', 47, 1),
(62, 'Strongly Agree', 47, 1),
(63, 'Strongly Agree', 47, 1),
(64, 'Agree', 47, 1),
(65, 'Strongly Agree', 47, 1),
(66, 'Neutral', 47, 1),
(67, 'Strongly Agree', 47, 1),
(68, 'Strongly Agree', 47, 1),
(69, 'Strongly Agree', 47, 1),
(70, 'Strongly Agree', 47, 1),
(71, 'Strongly Agree', 47, 1),
(72, 'Agree', 47, 1),
(73, 'Agree', 47, 1),
(74, 'Strongly Agree', 47, 1),
(75, 'Strongly Agree', 47, 1),
(76, 'Strongly Agree', 47, 1),
(77, 'Strongly Agree', 47, 1),
(78, 'Strongly Agree', 47, 1),
(79, 'Strongly Agree', 47, 1),
(80, 'Agree', 47, 1),
(81, 'Strongly Agree', 47, 1),
(82, 'Strongly Agree', 47, 1),
(83, 'Agree', 47, 1),
(84, 'Agree', 47, 1),
(85, 'Agree', 47, 1),
(86, 'Sumasang-ayon', 48, 1),
(87, 'Strongly Agree', 47, 1),
(88, 'Strongly Agree', 47, 1),
(89, 'Strongly Agree', 47, 1),
(90, 'Strongly Agree', 47, 1),
(91, 'Agree', 47, 1),
(92, 'Strongly Agree', 47, 1),
(93, 'Strongly Agree', 47, 1),
(94, 'Strongly Agree', 47, 1),
(95, 'Strongly Agree', 47, 1),
(96, 'Agree', 47, 1),
(97, 'Agree', 47, 1),
(98, 'Agree', 47, 1),
(99, 'Strongly Agree', 47, 1),
(100, 'Agree', 47, 1),
(101, 'Strongly Agree', 47, 1),
(102, 'Agree', 47, 1),
(103, 'Agree', 47, 1),
(104, 'Strongly Agree', 47, 1),
(105, 'Strongly Agree', 47, 1),
(106, 'Strongly Agree', 47, 1),
(107, 'Strongly Agree', 47, 1),
(108, 'Strongly Agree', 47, 1),
(109, 'Agree', 47, 1),
(110, 'Agree', 47, 1),
(111, 'Strongly Agree', 47, 1),
(112, 'Strongly Agree', 47, 1),
(113, 'Strongly Agree', 47, 1),
(114, 'Strongly Agree', 47, 1),
(115, 'Neutral', 47, 1),
(116, 'Strongly Agree', 47, 1),
(117, 'Strongly Agree', 47, 1),
(118, 'Strongly Agree', 47, 1),
(119, 'Strongly Agree', 47, 1),
(120, 'Strongly Agree', 47, 1),
(121, 'Strongly Agree', 47, 1),
(122, 'Strongly Agree', 47, 1),
(123, 'Strongly Agree', 47, 1),
(124, 'Strongly Agree', 47, 1),
(125, 'Agree', 47, 1),
(126, 'Neutral', 47, 1),
(127, 'Strongly Agree', 47, 1),
(128, 'Agree', 47, 1),
(129, 'Strongly Agree', 47, 1),
(130, 'Strongly Agree', 47, 1),
(131, 'Agree', 47, 1),
(132, 'Strongly Agree', 47, 1),
(133, 'Neutral', 47, 1),
(134, 'Neutral', 47, 1),
(135, 'Strongly Agree', 47, 1),
(136, 'Lubos na sumasang-ayon', 48, 1),
(137, 'Strongly Agree', 47, 1),
(138, 'Strongly Agree', 47, 1),
(139, 'Agree', 47, 1),
(140, 'Agree', 47, 1),
(141, 'Strongly Agree', 47, 1),
(142, 'Agree', 47, 1),
(143, 'Neutral', 47, 1),
(144, 'Strongly Agree', 47, 1),
(145, 'Strongly Agree', 47, 1),
(146, 'Strongly Agree', 47, 1),
(147, 'Strongly Agree', 47, 1),
(148, 'Strongly Agree', 47, 1),
(149, 'Neutral', 47, 1),
(150, 'Strongly Agree', 47, 1),
(151, 'Agree', 47, 1),
(152, 'Strongly Agree', 47, 1),
(153, 'Strongly Agree', 47, 1),
(154, 'Strongly Agree', 47, 1),
(155, 'Strongly Agree', 47, 1),
(156, 'Strongly Agree', 47, 1),
(157, 'Strongly Agree', 47, 1),
(158, 'Agree', 47, 1),
(159, 'Strongly Agree', 47, 1),
(160, 'Strongly Agree', 47, 1),
(161, 'Strongly Agree', 47, 1),
(162, 'Agree', 47, 1),
(163, 'Agree', 47, 1),
(164, 'Agree', 47, 1),
(165, 'Strongly Agree', 47, 1),
(166, 'Agree', 47, 1),
(167, 'Strongly Agree', 47, 1),
(168, 'Agree', 47, 1),
(169, 'Agree', 47, 1),
(170, 'Strongly Agree', 47, 1),
(171, 'Strongly Agree', 47, 1),
(172, 'Agree', 47, 1),
(173, 'Strongly Agree', 47, 1),
(174, 'Strongly Agree', 47, 1),
(175, 'Strongly Agree', 47, 1),
(176, 'Strongly Agree', 47, 1),
(177, 'Agree', 47, 1),
(178, 'Strongly Agree', 47, 1),
(179, 'Strongly Agree', 47, 1),
(180, 'Strongly Agree', 47, 1),
(181, 'Strongly Agree', 47, 1),
(182, 'Strongly Agree', 47, 1),
(183, 'Strongly Agree', 47, 1),
(184, 'Strongly Agree', 47, 1),
(185, 'Strongly Agree', 47, 1),
(186, 'Strongly Agree', 47, 1),
(187, 'Strongly Agree', 47, 1),
(188, 'Agree', 47, 1),
(189, 'Strongly Agree', 47, 1),
(190, 'Strongly Agree', 47, 1),
(191, 'Strongly Agree', 47, 1),
(192, 'Strongly Agree', 47, 1),
(193, 'Strongly Agree', 47, 1),
(194, 'Strongly Agree', 47, 1),
(195, 'Strongly Agree', 47, 1),
(196, 'Strongly Agree', 47, 1),
(197, 'Agree', 47, 1),
(198, 'Agree', 47, 1),
(199, 'Strongly Agree', 47, 1),
(200, 'Sumasang-ayon', 48, 1),
(201, 'Strongly Agree', 47, 1),
(202, 'Strongly Agree', 47, 1),
(203, 'Strongly Agree', 47, 1),
(204, 'Strongly Agree', 47, 1),
(205, 'Strongly Agree', 47, 1),
(206, 'Agree', 47, 1),
(207, 'Strongly Agree', 47, 1),
(208, 'Strongly Agree', 47, 1),
(209, 'Strongly Agree', 47, 1),
(210, 'Strongly Agree', 47, 1),
(211, 'Strongly Agree', 47, 1),
(212, 'Strongly Agree', 47, 1),
(213, 'Agree', 47, 1),
(214, 'Agree', 47, 1),
(215, 'Agree', 47, 1),
(216, 'Agree', 47, 1),
(217, 'Strongly Agree', 47, 1),
(218, 'Strongly Agree', 47, 1),
(219, 'Strongly Agree', 47, 1),
(220, 'Agree', 47, 1),
(221, 'Strongly Agree', 47, 1),
(222, 'Strongly Agree', 47, 1),
(223, 'Strongly Agree', 47, 1),
(224, 'Strongly Agree', 47, 1),
(225, 'Strongly Agree', 47, 1),
(226, 'Agree', 47, 1),
(227, 'Agree', 47, 1),
(228, 'Agree', 47, 1),
(229, 'Strongly Agree', 47, 1),
(230, 'Strongly Agree', 47, 1),
(231, 'Strongly Agree', 47, 1),
(232, 'Strongly Agree', 47, 1),
(233, 'Strongly Agree', 47, 1),
(234, 'Strongly Agree', 47, 1),
(235, 'Agree', 47, 1),
(236, 'Strongly Agree', 47, 1),
(237, 'Agree', 47, 1),
(238, 'Strongly Agree', 47, 1),
(239, 'Strongly Agree', 47, 1),
(240, 'Agree', 47, 1),
(241, 'Agree', 47, 1),
(242, 'Sumasang-ayon', 48, 1),
(243, 'Strongly Agree', 47, 1),
(244, 'Strongly Agree', 47, 1),
(245, 'Strongly Agree', 47, 1),
(246, 'Strongly Agree', 47, 1),
(247, 'Strongly Agree', 47, 1),
(248, 'Strongly Agree', 47, 1),
(249, 'Strongly Agree', 47, 1),
(250, 'Agree', 47, 1),
(251, 'Strongly Agree', 47, 1),
(252, 'Strongly Agree', 47, 1),
(253, 'Agree', 47, 1),
(254, 'Strongly Agree', 47, 1),
(255, 'Strongly Agree', 47, 1),
(256, 'Strongly Agree', 47, 1),
(257, 'Agree', 47, 1),
(258, 'Agree', 47, 1),
(259, 'Strongly Agree', 47, 1),
(260, 'Agree', 47, 1),
(261, 'Strongly Agree', 47, 1),
(262, 'Strongly Agree', 47, 1),
(263, 'Strongly Agree', 47, 1),
(264, 'Agree', 47, 1),
(265, 'Strongly Agree', 47, 1),
(266, 'Strongly Agree', 47, 1),
(267, 'Neutral', 47, 1),
(268, 'Agree', 47, 1),
(269, 'Strongly Agree', 47, 1),
(270, 'Agree', 47, 1),
(271, 'Strongly Agree', 47, 1),
(272, 'Strongly Agree', 47, 1),
(273, 'Strongly Agree', 47, 1),
(274, 'Sumasang-ayon', 48, 1),
(275, 'Strongly Agree', 47, 1),
(276, 'Sumasang-ayon', 48, 1),
(277, 'Agree', 47, 1),
(278, 'Strongly Agree', 47, 1),
(279, 'Strongly Agree', 47, 1),
(280, 'Strongly Agree', 47, 1),
(281, 'Strongly Agree', 47, 1),
(282, 'Strongly Agree', 47, 1),
(283, 'Strongly Agree', 47, 1),
(284, 'Sumasang-ayon', 48, 1),
(285, 'Strongly Agree', 47, 1),
(286, 'Strongly Agree', 47, 1),
(287, 'Strongly Agree', 47, 1),
(288, 'Strongly Agree', 47, 1),
(289, 'Strongly Agree', 47, 1),
(290, 'Sumasang-ayon', 48, 1),
(291, 'Neutral', 47, 1),
(292, 'Strongly Agree', 47, 1),
(293, 'Strongly Agree', 47, 1),
(294, 'Strongly Agree', 47, 1),
(295, 'Strongly Agree', 47, 1),
(296, 'Agree', 47, 1),
(297, 'Strongly Agree', 47, 1),
(298, 'Agree', 47, 1),
(299, 'Strongly Agree', 47, 1),
(300, 'Strongly Agree', 47, 1),
(301, 'Strongly Agree', 47, 1),
(302, 'Agree', 47, 1),
(303, 'Strongly Agree', 47, 1),
(304, 'Strongly Agree', 47, 1),
(305, 'Agree', 47, 1),
(306, 'Strongly Agree', 47, 1),
(307, 'Strongly Agree', 47, 1),
(308, 'Strongly Agree', 47, 1),
(309, 'Strongly Agree', 47, 1),
(310, 'Strongly Agree', 47, 1),
(311, 'Strongly Agree', 47, 1),
(312, 'Strongly Agree', 47, 1),
(313, 'Strongly Agree', 47, 1),
(314, 'Strongly Agree', 47, 1),
(315, 'Strongly Agree', 47, 1),
(316, 'Strongly Agree', 47, 1),
(317, 'Strongly Agree', 47, 1),
(318, 'Strongly Agree', 47, 1),
(319, 'Agree', 47, 1),
(320, 'Agree', 47, 1),
(321, 'Strongly Agree', 47, 1),
(322, 'Strongly Agree', 47, 1),
(323, 'Strongly Agree', 47, 1),
(324, 'Strongly Agree', 47, 1),
(325, 'Agree', 47, 1),
(326, 'Strongly Agree', 47, 1),
(327, 'Strongly Agree', 47, 1),
(328, 'Strongly Agree', 47, 1),
(329, 'Strongly Agree', 47, 1),
(330, 'Agree', 47, 1),
(331, 'Strongly Agree', 47, 1),
(332, 'Agree', 47, 1),
(333, 'Strongly Agree', 47, 1),
(334, 'Strongly Agree', 47, 1),
(335, 'Agree', 47, 1),
(336, 'Strongly Agree', 47, 1),
(337, 'Strongly Agree', 47, 1),
(338, 'Strongly Agree', 47, 1),
(339, 'Strongly Agree', 47, 1),
(340, 'Strongly Agree', 47, 1),
(341, 'Strongly Agree', 47, 1),
(342, 'Strongly Agree', 47, 1),
(343, 'Strongly Agree', 47, 1),
(344, 'Strongly Agree', 47, 1),
(345, 'Agree', 47, 1),
(346, 'Agree', 47, 1),
(347, 'Strongly Agree', 47, 1),
(348, 'Strongly Agree', 47, 1),
(349, 'Agree', 47, 1),
(350, 'Agree', 47, 1),
(351, 'Strongly Agree', 47, 1),
(352, 'Strongly Agree', 47, 1),
(353, 'Strongly Agree', 47, 1),
(354, 'Strongly Agree', 47, 1),
(355, 'Agree', 47, 1),
(356, 'Strongly Agree', 47, 1),
(357, 'Strongly Agree', 47, 1),
(358, 'Strongly Agree', 47, 1),
(359, 'Agree', 47, 1),
(360, 'Strongly Agree', 47, 1),
(361, 'Strongly Agree', 47, 1),
(362, 'Strongly Agree', 47, 1),
(363, 'Strongly Agree', 47, 1),
(364, 'Strongly Agree', 47, 1),
(365, 'Strongly Agree', 47, 1),
(366, 'Strongly Agree', 47, 1),
(367, 'Agree', 47, 1),
(368, 'Strongly Agree', 47, 1),
(369, 'Agree', 47, 1),
(370, 'Agree', 47, 1),
(371, 'Strongly Agree', 47, 1),
(372, 'Agree', 47, 1),
(373, 'Strongly Agree', 47, 1),
(374, 'Strongly Agree', 47, 1),
(375, 'Agree', 47, 1),
(376, 'Strongly Agree', 47, 1),
(377, 'Strongly Agree', 47, 1),
(378, 'Agree', 47, 1),
(379, 'Strongly Agree', 47, 1),
(380, 'Strongly Agree', 47, 1),
(381, 'Strongly Agree', 47, 1),
(382, 'Strongly Agree', 47, 1),
(383, 'Strongly Agree', 47, 1),
(384, 'Strongly Agree', 47, 1),
(385, 'Strongly Agree', 47, 1),
(386, 'Strongly Agree', 47, 1),
(387, 'Strongly Agree', 47, 1),
(388, 'Strongly Agree', 47, 1),
(389, 'Strongly Agree', 47, 1),
(390, 'Strongly Agree', 47, 1),
(391, 'Strongly Agree', 47, 1),
(392, 'Strongly Agree', 47, 1),
(393, 'Strongly Agree', 47, 1),
(394, 'Agree', 47, 1),
(395, 'Strongly Agree', 47, 1),
(396, 'Agree', 47, 1),
(397, 'Strongly Agree', 47, 1),
(398, 'Strongly Agree', 47, 1),
(399, 'Strongly Agree', 47, 1),
(400, 'Agree', 47, 1),
(401, 'Strongly Agree', 47, 1),
(402, 'Strongly Agree', 47, 1),
(403, 'Strongly Agree', 47, 1),
(404, 'Strongly Agree', 47, 1),
(405, 'Agree', 47, 1),
(406, 'Agree', 47, 1),
(407, 'Strongly Agree', 47, 1),
(408, 'Strongly Agree', 47, 1),
(409, 'Strongly Agree', 47, 1),
(410, 'Strongly Agree', 47, 1),
(411, 'Strongly Agree', 47, 1),
(412, 'Strongly Agree', 47, 1),
(413, 'Strongly Agree', 47, 1),
(414, 'Agree', 47, 1),
(415, 'Agree', 47, 1),
(416, 'Strongly Agree', 47, 1),
(417, 'Strongly Agree', 47, 1),
(418, 'Agree', 47, 1),
(419, 'Strongly Agree', 47, 1),
(420, 'Strongly Agree', 47, 1),
(421, 'Strongly Agree', 47, 1),
(422, 'Strongly Agree', 47, 1),
(423, 'Strongly Agree', 47, 1),
(424, 'Strongly Agree', 47, 1),
(425, 'Strongly Agree', 47, 1),
(426, 'Agree', 47, 1),
(427, 'Strongly Agree', 47, 1),
(428, 'Agree', 47, 1),
(429, 'Strongly Agree', 47, 1),
(430, 'Strongly Agree', 47, 1),
(431, 'Strongly Agree', 47, 1),
(432, 'Strongly Agree', 47, 1),
(433, 'Strongly Agree', 47, 1),
(434, 'Agree', 47, 1),
(435, 'Strongly Agree', 47, 1),
(436, 'Strongly Agree', 47, 1),
(437, 'Strongly Agree', 47, 1),
(438, 'Strongly Agree', 47, 1),
(439, 'Strongly Agree', 47, 1),
(440, 'Strongly Agree', 47, 1),
(441, 'Strongly Agree', 47, 1),
(442, 'Agree', 47, 1),
(443, 'Strongly Agree', 47, 1),
(444, 'Agree', 47, 1),
(445, 'Strongly Agree', 47, 1),
(446, 'Agree', 47, 1),
(447, 'Strongly Agree', 47, 1),
(448, 'Agree', 47, 1),
(449, 'Strongly Agree', 47, 1),
(450, 'Strongly Agree', 47, 1),
(451, 'Agree', 47, 1),
(452, 'Strongly Agree', 47, 1),
(453, 'Strongly Agree', 47, 1),
(454, 'Strongly Agree', 47, 1),
(455, 'Strongly Agree', 47, 1),
(456, 'Strongly Agree', 47, 1),
(457, 'Strongly Agree', 47, 1),
(458, 'Strongly Agree', 47, 1),
(459, 'Strongly Agree', 47, 1),
(460, 'Strongly Agree', 47, 1),
(461, 'Strongly Agree', 47, 1),
(462, 'Strongly Agree', 47, 1),
(463, 'Neutral', 47, 1),
(464, 'Strongly Agree', 47, 1),
(465, 'Strongly Agree', 47, 1),
(466, 'Strongly Agree', 47, 1),
(467, 'Strongly Agree', 47, 1),
(468, 'Strongly Agree', 47, 1),
(469, 'Agree', 47, 1),
(470, 'Agree', 47, 1),
(471, 'Agree', 47, 1),
(472, 'Strongly Agree', 47, 1),
(473, 'Strongly Agree', 47, 1),
(474, 'Strongly Agree', 47, 1),
(475, 'Strongly Agree', 47, 1),
(476, 'Strongly Agree', 47, 1),
(477, 'Strongly Agree', 47, 1),
(478, 'Agree', 47, 1),
(479, 'Strongly Agree', 47, 1),
(480, 'Strongly Agree', 47, 1),
(481, 'Strongly Agree', 47, 1),
(482, 'Agree', 47, 1),
(483, 'Agree', 47, 1),
(484, 'Strongly Agree', 47, 1),
(485, 'Strongly Agree', 47, 1),
(486, 'Agree', 47, 1),
(487, 'Agree', 47, 1),
(488, 'Agree', 47, 1),
(489, 'Strongly Agree', 47, 1),
(490, 'Agree', 47, 1),
(491, 'Strongly Agree', 47, 1),
(492, 'Agree', 47, 1),
(493, 'Strongly Agree', 47, 1),
(494, 'Strongly Agree', 47, 1),
(495, 'Strongly Agree', 47, 1),
(496, 'Strongly Agree', 47, 1),
(497, 'Strongly Agree', 47, 1),
(498, 'Strongly Agree', 47, 1),
(499, 'Strongly Agree', 47, 1),
(500, 'Strongly Agree', 47, 1),
(501, 'Strongly Agree', 47, 1),
(502, 'Strongly Agree', 47, 1),
(503, 'Strongly Agree', 47, 1),
(504, 'Strongly Agree', 47, 1),
(505, 'Strongly Agree', 47, 1),
(506, 'Strongly Agree', 47, 1),
(507, 'Strongly Agree', 47, 1),
(508, 'Strongly Agree', 47, 1),
(509, 'Strongly Agree', 47, 1),
(510, 'Strongly Agree', 47, 1),
(511, 'Strongly Agree', 47, 1),
(512, 'Strongly Agree', 47, 1),
(513, 'Strongly Agree', 47, 1),
(514, 'Strongly Agree', 47, 1),
(515, 'Strongly Agree', 47, 1),
(516, 'Strongly Agree', 47, 1),
(517, 'Strongly Agree', 47, 1),
(518, 'Agree', 47, 1),
(519, 'Strongly Agree', 47, 1),
(520, 'Agree', 47, 1),
(521, 'Agree', 47, 1),
(522, 'Agree', 47, 1),
(523, 'Agree', 47, 1),
(524, 'Agree', 47, 1),
(525, 'Agree', 47, 1),
(526, 'Strongly Agree', 47, 1),
(527, 'Strongly Agree', 47, 1),
(528, 'Strongly Agree', 47, 1),
(529, 'Strongly Agree', 47, 1),
(530, 'Disagree', 47, 1),
(531, 'Agree', 47, 1),
(532, 'Strongly Agree', 47, 1),
(533, 'Agree', 47, 1),
(534, 'Strongly Agree', 47, 1),
(535, 'Strongly Agree', 47, 1),
(536, 'Strongly Agree', 47, 1),
(537, 'Strongly Agree', 47, 1),
(538, 'Strongly Agree', 47, 1),
(539, 'Strongly Agree', 47, 1),
(540, 'Strongly Agree', 47, 1),
(541, 'Strongly Agree', 47, 1),
(542, 'Strongly Agree', 47, 1),
(543, 'Agree', 47, 1),
(544, 'Strongly Agree', 47, 1),
(545, 'Strongly Agree', 47, 1),
(546, 'Strongly Agree', 47, 1),
(547, 'Strongly Agree', 47, 1),
(548, 'Strongly Agree', 47, 1),
(549, 'Strongly Agree', 47, 1),
(550, 'Lubos na sumasang-ayon', 48, 1),
(551, 'Strongly Agree', 47, 1),
(552, 'Strongly Agree', 47, 1),
(553, 'Strongly Agree', 47, 1),
(554, 'Lubos na sumasang-ayon', 48, 1),
(555, 'Strongly Agree', 47, 1),
(556, 'Strongly Agree', 47, 1),
(557, 'Strongly Agree', 47, 1),
(558, 'Strongly Agree', 47, 1),
(559, 'Strongly Agree', 47, 1),
(560, 'Strongly Agree', 47, 1),
(561, 'Strongly Agree', 47, 1),
(562, 'Strongly Agree', 47, 1),
(563, 'Agree', 47, 1),
(564, 'Agree', 47, 1),
(565, 'Agree', 47, 1),
(566, 'Strongly Agree', 47, 1),
(567, 'Strongly Agree', 47, 1),
(568, 'Strongly Agree', 47, 1),
(569, 'Strongly Agree', 47, 1),
(570, 'Strongly Agree', 47, 1),
(571, 'Strongly Agree', 47, 1),
(572, 'Strongly Agree', 47, 1),
(573, 'Strongly Agree', 47, 1),
(574, 'Strongly Agree', 47, 1),
(575, 'Strongly Agree', 47, 1),
(576, 'Strongly Agree', 47, 1),
(577, 'Strongly Agree', 47, 1),
(578, 'Strongly Agree', 47, 1),
(579, 'Strongly Agree', 47, 1),
(580, 'Strongly Agree', 47, 1),
(581, 'Strongly Agree', 47, 1),
(582, 'Strongly Agree', 47, 1),
(583, 'Strongly Agree', 47, 1),
(584, 'Neutral', 47, 1),
(585, 'Strongly Agree', 47, 1),
(586, 'Strongly Agree', 47, 1),
(587, 'Strongly Agree', 47, 1),
(588, 'Strongly Agree', 47, 1),
(589, 'Strongly Agree', 47, 1),
(590, 'Strongly Agree', 47, 1),
(591, 'Strongly Agree', 47, 1),
(592, 'Strongly Agree', 47, 1),
(593, 'Agree', 47, 1),
(594, 'Agree', 47, 1),
(595, 'Strongly Agree', 47, 1),
(596, 'Strongly Agree', 47, 1),
(597, 'Strongly Agree', 47, 1),
(598, 'Strongly Agree', 47, 1),
(599, 'Strongly Agree', 47, 1),
(600, 'Agree', 47, 1),
(601, 'Agree', 47, 1),
(602, 'Strongly Agree', 47, 1),
(603, 'Strongly Agree', 47, 1),
(604, 'Strongly Agree', 47, 1),
(605, 'Strongly Agree', 47, 1),
(606, 'Strongly Agree', 47, 1),
(607, 'Agree', 47, 1),
(608, 'Strongly Agree', 47, 1),
(609, 'Strongly Agree', 47, 1),
(610, 'Agree', 47, 1),
(611, 'Strongly Agree', 47, 1),
(612, 'Agree', 47, 1),
(613, 'Strongly Agree', 47, 1),
(614, 'Strongly Agree', 47, 1),
(615, 'Strongly Agree', 47, 1),
(616, 'Agree', 47, 1),
(617, 'Agree', 47, 1),
(618, 'Strongly Agree', 47, 1),
(619, 'Strongly Agree', 47, 1),
(620, 'Strongly Agree', 47, 1),
(621, 'Strongly Agree', 47, 1),
(622, 'Neutral', 47, 1),
(623, 'Strongly Agree', 47, 1),
(624, 'Strongly Agree', 47, 1),
(625, 'Strongly Agree', 47, 1),
(626, 'Strongly Agree', 47, 1),
(627, 'Agree', 47, 1),
(628, 'Agree', 47, 1),
(629, 'Strongly Agree', 47, 1),
(630, 'Agree', 47, 1),
(631, 'Strongly Agree', 47, 1),
(632, 'Agree', 47, 1),
(633, 'Agree', 47, 1),
(634, 'Strongly Agree', 47, 1),
(635, 'Strongly Agree', 47, 1),
(636, 'Strongly Agree', 47, 1),
(637, 'Strongly Agree', 47, 1),
(638, 'Strongly Agree', 47, 1),
(639, 'Strongly Agree', 47, 1),
(640, 'Strongly Agree', 47, 1),
(641, 'Strongly Agree', 47, 1),
(642, 'Strongly Agree', 47, 1),
(643, 'Strongly Agree', 47, 1),
(644, 'Strongly Agree', 47, 1),
(645, 'Strongly Agree', 47, 1),
(646, 'Agree', 47, 1),
(647, 'Strongly Agree', 47, 1),
(648, 'Strongly Agree', 47, 1),
(649, 'Agree', 47, 1),
(650, 'Strongly Agree', 47, 1),
(651, 'Strongly Agree', 47, 1),
(652, 'Strongly Agree', 47, 1),
(653, 'Strongly Agree', 47, 1),
(654, 'Strongly Agree', 47, 1),
(655, 'Strongly Agree', 47, 1),
(656, 'Strongly Agree', 47, 1),
(657, 'Strongly Agree', 47, 1),
(658, 'Strongly Agree', 47, 1),
(659, 'Strongly Agree', 47, 1),
(660, 'Strongly Agree', 47, 1),
(661, 'Strongly Agree', 47, 1),
(662, 'Agree', 47, 1),
(663, 'Neutral', 47, 1),
(664, 'Strongly Agree', 47, 1),
(665, 'Agree', 47, 1),
(666, 'Strongly Agree', 47, 1),
(667, 'Strongly Agree', 47, 1),
(668, 'Agree', 47, 1),
(669, 'Agree', 47, 1),
(670, 'Agree', 47, 1),
(671, 'Agree', 47, 1),
(672, 'Sumasang-ayon', 48, 1),
(673, 'Strongly Agree', 47, 1),
(674, 'Agree', 47, 1),
(675, 'Strongly Agree', 47, 1),
(676, 'Strongly Agree', 47, 1),
(677, 'Strongly Agree', 47, 1),
(678, 'Strongly Agree', 47, 1),
(679, 'Strongly Agree', 47, 1),
(680, 'Strongly Agree', 47, 1),
(681, 'Agree', 47, 1),
(682, 'Strongly Agree', 47, 1),
(683, 'Strongly Agree', 47, 1),
(684, 'Strongly Agree', 47, 1),
(685, 'Agree', 47, 1),
(686, 'Strongly Agree', 47, 1),
(687, 'Agree', 47, 1),
(688, 'Strongly Agree', 47, 1),
(689, 'Agree', 47, 1),
(690, 'Agree', 47, 1),
(691, 'Strongly Agree', 47, 1),
(692, 'Strongly Agree', 47, 1),
(693, 'Neutral', 47, 1),
(694, 'Agree', 47, 1),
(695, 'Strongly Agree', 47, 1),
(696, 'Strongly Agree', 47, 1),
(697, 'Strongly Agree', 47, 1),
(698, 'Agree', 47, 1),
(699, 'Strongly Agree', 47, 1),
(700, 'Strongly Agree', 47, 1),
(701, 'Strongly Agree', 47, 1),
(702, 'Strongly Agree', 47, 1),
(703, 'Strongly Agree', 47, 1),
(704, 'Strongly Agree', 47, 1),
(705, 'Neutral', 47, 1),
(706, 'Strongly Agree', 47, 1),
(707, 'Agree', 47, 1),
(708, 'Strongly Agree', 47, 1),
(709, 'Strongly Agree', 47, 1),
(710, 'Strongly Agree', 47, 1),
(711, 'Strongly Agree', 47, 1),
(712, 'Strongly Agree', 47, 1),
(713, 'Strongly Agree', 47, 1),
(714, 'Strongly Agree', 47, 1),
(715, 'Strongly Agree', 47, 1),
(716, 'Strongly Agree', 47, 1),
(717, 'Disagree', 47, 1),
(718, 'Strongly Agree', 47, 1),
(719, 'Strongly Agree', 47, 1),
(720, 'Strongly Agree', 47, 1),
(721, 'Strongly Agree', 47, 1),
(722, 'Strongly Agree', 47, 1),
(723, 'Agree', 47, 1),
(724, 'Strongly Agree', 47, 1),
(725, 'Strongly Agree', 47, 1),
(726, 'Strongly Agree', 47, 1),
(727, 'Strongly Agree', 47, 1),
(728, 'Strongly Agree', 47, 1),
(729, 'Strongly Agree', 47, 1),
(730, 'Strongly Agree', 47, 1),
(731, 'Agree', 47, 1),
(732, 'Strongly Agree', 47, 1),
(733, 'Strongly Agree', 47, 1),
(734, 'Strongly Agree', 47, 1),
(735, 'Strongly Agree', 47, 1),
(736, 'Strongly Agree', 47, 1),
(737, 'Strongly Agree', 47, 1),
(738, 'Strongly Agree', 47, 1),
(739, 'Strongly Agree', 47, 1),
(740, 'Strongly Agree', 47, 1),
(741, 'Strongly Agree', 47, 1),
(742, 'Strongly Agree', 47, 1),
(743, 'Strongly Agree', 47, 1),
(744, 'Agree', 47, 1),
(745, 'Agree', 47, 1),
(746, 'Strongly Agree', 47, 1),
(747, 'Agree', 47, 1),
(748, 'Strongly Agree', 47, 1),
(749, 'Agree', 47, 1),
(750, 'Strongly Agree', 47, 1),
(751, 'Strongly Agree', 47, 1),
(752, 'Agree', 47, 1),
(753, 'Strongly Agree', 47, 1),
(754, 'Agree', 47, 1),
(755, 'Strongly Agree', 47, 1),
(756, 'Strongly Agree', 47, 1),
(757, 'Strongly Agree', 47, 1),
(758, 'Strongly Agree', 47, 1),
(759, 'Agree', 47, 1),
(760, 'Agree', 47, 1),
(761, 'Strongly Agree', 47, 1),
(762, 'Strongly Agree', 47, 1),
(763, 'Agree', 47, 1),
(764, 'Strongly Agree', 47, 1),
(765, 'Strongly Agree', 47, 1),
(766, 'Strongly Agree', 47, 1),
(767, 'Agree', 47, 1),
(768, 'Neutral', 47, 1),
(769, 'Strongly Agree', 47, 1),
(770, 'Agree', 47, 1),
(771, 'Strongly Agree', 47, 1),
(772, 'Strongly Agree', 47, 1),
(773, 'Agree', 47, 1),
(774, 'Strongly Agree', 47, 1),
(775, 'Strongly Agree', 47, 1),
(776, 'Strongly Agree', 47, 1),
(777, 'Agree', 47, 1),
(778, 'Agree', 47, 1),
(779, 'Strongly Agree', 47, 1),
(780, 'Agree', 47, 1),
(781, 'Agree', 47, 1),
(782, 'Strongly Agree', 47, 1),
(783, 'Strongly Agree', 47, 1),
(784, 'Strongly Agree', 47, 1),
(785, 'Strongly Agree', 47, 1),
(786, 'Strongly Agree', 47, 1),
(787, 'Strongly Agree', 47, 1),
(788, 'Strongly Agree', 47, 1),
(789, 'Strongly Agree', 47, 1),
(790, 'Strongly Agree', 47, 1),
(791, 'Strongly Agree', 47, 1),
(792, 'Neutral', 47, 1),
(793, 'Strongly Agree', 47, 1),
(794, 'Strongly Agree', 47, 1),
(795, 'Strongly Agree', 47, 1),
(796, 'Strongly Agree', 47, 1),
(797, 'Strongly Agree', 47, 1),
(798, 'Strongly Agree', 47, 1),
(799, 'Strongly Agree', 47, 1),
(800, 'Strongly Agree', 47, 1),
(801, 'Strongly Agree', 47, 1),
(802, 'Strongly Agree', 47, 1),
(803, 'Strongly Agree', 47, 1),
(804, 'Strongly Agree', 47, 1),
(805, 'Strongly Agree', 47, 1),
(806, 'Strongly Agree', 47, 1),
(807, 'Strongly Agree', 47, 1),
(808, 'Strongly Agree', 47, 1),
(809, 'Strongly Agree', 47, 1),
(810, 'Strongly Agree', 47, 1),
(811, 'Agree', 47, 1),
(812, 'Strongly Agree', 47, 1),
(813, 'Strongly Agree', 47, 1),
(814, 'Strongly Agree', 47, 1),
(815, 'Agree', 47, 1),
(816, 'Agree', 47, 1),
(817, 'Strongly Agree', 47, 1),
(818, 'Strongly Agree', 47, 1),
(819, 'Strongly Agree', 47, 1),
(820, 'Strongly Agree', 47, 1),
(821, 'Strongly Agree', 47, 1),
(822, 'Strongly Agree', 47, 1),
(823, 'Strongly Agree', 47, 1),
(824, 'Strongly Agree', 47, 1),
(825, 'Strongly Agree', 47, 1),
(826, 'Strongly Agree', 47, 1),
(827, 'Strongly Agree', 47, 1),
(828, 'Agree', 47, 1),
(829, 'Strongly Agree', 47, 1),
(830, 'Agree', 47, 1),
(831, 'Strongly Agree', 47, 1),
(832, 'Strongly Agree', 47, 1),
(833, 'Strongly Agree', 47, 1),
(834, 'Strongly Agree', 47, 1),
(835, 'Strongly Agree', 47, 1),
(836, 'Strongly Agree', 47, 1),
(837, 'Strongly Agree', 47, 1),
(838, 'Strongly Agree', 47, 1),
(839, 'Strongly Agree', 47, 1),
(840, 'Strongly Agree', 47, 1),
(841, 'Strongly Agree', 47, 1),
(842, 'Strongly Agree', 47, 1),
(843, 'Agree', 47, 1),
(844, 'Strongly Agree', 47, 1),
(845, 'Agree', 47, 1),
(846, 'Strongly Agree', 47, 1),
(847, 'Strongly Agree', 47, 1),
(848, 'Strongly Agree', 47, 1),
(849, 'Strongly Agree', 47, 1),
(850, 'Strongly Agree', 47, 1),
(851, 'Strongly Agree', 47, 1),
(852, 'Strongly Agree', 47, 1),
(853, 'Strongly Agree', 47, 1),
(854, 'Agree', 47, 1),
(855, 'Strongly Agree', 47, 1),
(856, 'Strongly Agree', 47, 1),
(857, 'Agree', 47, 1),
(858, 'Strongly Agree', 47, 1),
(859, 'Strongly Agree', 47, 1),
(860, 'Strongly Agree', 47, 1),
(861, 'Strongly Agree', 47, 1),
(862, 'Strongly Agree', 47, 1),
(863, 'Strongly Agree', 47, 1),
(864, 'Strongly Agree', 47, 1),
(865, 'Strongly Agree', 47, 1),
(866, 'Strongly Agree', 47, 1),
(867, 'Neutral', 47, 1),
(868, 'Agree', 47, 1),
(869, 'Strongly Agree', 47, 1),
(870, 'Strongly Agree', 47, 1),
(871, 'Agree', 47, 1),
(872, 'Agree', 47, 1),
(873, 'Strongly Agree', 47, 1),
(874, 'Strongly Agree', 47, 1),
(875, 'Agree', 47, 1),
(876, 'Agree', 47, 1),
(877, 'Agree', 47, 1),
(878, 'Agree', 47, 1),
(879, 'Strongly Agree', 47, 1),
(880, 'Strongly Agree', 47, 1),
(881, 'Strongly Agree', 47, 1),
(882, 'Strongly Agree', 47, 1),
(883, 'Strongly Agree', 47, 1),
(884, 'Strongly Agree', 47, 1),
(885, 'Strongly Agree', 47, 1),
(886, 'Strongly Agree', 47, 1),
(887, 'Strongly Agree', 47, 1),
(888, 'Strongly Agree', 47, 1),
(889, 'Strongly Agree', 47, 1),
(890, 'Strongly Agree', 47, 1),
(891, 'Strongly Agree', 47, 1),
(892, 'Strongly Agree', 47, 1),
(893, 'Strongly Agree', 47, 1),
(894, 'Strongly Agree', 47, 1),
(895, 'Strongly Agree', 47, 1),
(896, 'Strongly Agree', 47, 1),
(897, 'Neutral', 47, 1),
(898, 'Agree', 47, 1),
(899, 'Agree', 47, 1),
(900, 'Agree', 47, 1),
(901, 'Agree', 47, 1),
(902, 'Neutral', 47, 1),
(903, 'Strongly Agree', 47, 1),
(904, 'Strongly Agree', 47, 1),
(905, 'Agree', 47, 1),
(906, 'Strongly Agree', 47, 1),
(907, 'Strongly Agree', 47, 1),
(908, 'Agree', 47, 1),
(909, 'Agree', 47, 1),
(910, 'Agree', 47, 1),
(911, 'Strongly Agree', 47, 1),
(912, 'Strongly Agree', 47, 1),
(913, 'Strongly Agree', 47, 1),
(914, 'Strongly Agree', 47, 1),
(915, 'Agree', 47, 1),
(916, 'Strongly Agree', 47, 1),
(917, 'Strongly Agree', 47, 1),
(918, 'Agree', 47, 1),
(919, 'Agree', 47, 1),
(920, 'Strongly Agree', 47, 1),
(921, 'Strongly Agree', 47, 1),
(922, 'Strongly Agree', 47, 1),
(923, 'Agree', 47, 1),
(924, 'Strongly Agree', 47, 1),
(925, 'Strongly Agree', 47, 1),
(926, 'Strongly Agree', 47, 1),
(927, 'Strongly Agree', 47, 1),
(928, 'Strongly Agree', 47, 1),
(929, 'Strongly Agree', 47, 1),
(930, 'Strongly Agree', 47, 1),
(931, 'Strongly Agree', 47, 1),
(932, 'Strongly Agree', 47, 1),
(933, 'Strongly Agree', 47, 1),
(934, 'Strongly Agree', 47, 1),
(935, 'Strongly Agree', 47, 1),
(936, 'Strongly Agree', 47, 1),
(937, 'Strongly Agree', 47, 1),
(938, 'Strongly Agree', 47, 1),
(939, 'Strongly Agree', 47, 1),
(940, 'Strongly Agree', 47, 1),
(941, 'Agree', 47, 1),
(942, 'Strongly Agree', 47, 1),
(943, 'Strongly Agree', 47, 1),
(944, 'Strongly Agree', 47, 1),
(945, 'Strongly Agree', 47, 1),
(946, 'Lubos na sumasang-ayon', 48, 1),
(947, 'Strongly Agree', 47, 1),
(948, 'Strongly Agree', 47, 1),
(949, 'Strongly Agree', 47, 1),
(950, 'Strongly Agree', 47, 1),
(951, 'Strongly Agree', 47, 1),
(952, 'Strongly Agree', 47, 1),
(953, 'Strongly Agree', 47, 1),
(954, 'Strongly Agree', 47, 1),
(955, 'Strongly Agree', 47, 1),
(956, 'Agree', 47, 1),
(957, 'Disagree', 47, 1),
(958, 'Strongly Disagree', 47, 1),
(959, 'Agree', 47, 1),
(960, 'Strongly Agree', 47, 1),
(961, 'Strongly Agree', 47, 1),
(962, 'Agree', 47, 1),
(963, 'Agree', 47, 1),
(964, 'Strongly Agree', 47, 1),
(965, 'Strongly Agree', 47, 1),
(966, 'Strongly Agree', 47, 1),
(967, 'Strongly Agree', 47, 1),
(968, 'Strongly Agree', 47, 1),
(969, 'Strongly Agree', 47, 1),
(970, 'Strongly Agree', 47, 1),
(971, 'Strongly Agree', 47, 1),
(972, 'Strongly Agree', 47, 1),
(973, 'Strongly Agree', 47, 1),
(974, 'Agree', 47, 1),
(975, 'Strongly Agree', 47, 1),
(976, 'Strongly Agree', 47, 1),
(977, 'Strongly Agree', 47, 1),
(978, 'Strongly Agree', 47, 1),
(979, 'Strongly Agree', 47, 1),
(980, 'Strongly Agree', 47, 1),
(981, 'Strongly Agree', 47, 1),
(982, 'Strongly Agree', 47, 1),
(983, 'Strongly Agree', 47, 1),
(984, 'Strongly Agree', 47, 1),
(985, 'Strongly Agree', 47, 1),
(986, 'Strongly Agree', 47, 1),
(987, 'Agree', 47, 1),
(988, 'Strongly Agree', 47, 1),
(989, 'Strongly Agree', 47, 1),
(990, 'Agree', 47, 1),
(991, 'Strongly Agree', 47, 1),
(992, 'Strongly Agree', 47, 1),
(993, 'Agree', 47, 1),
(994, 'Strongly Agree', 47, 1),
(995, 'Strongly Agree', 47, 1),
(996, 'Strongly Agree', 47, 1),
(997, 'Strongly Agree', 47, 1),
(998, 'Strongly Agree', 47, 1),
(999, 'Strongly Agree', 47, 1),
(1000, 'Agree', 47, 1),
(1001, 'Strongly Agree', 47, 1),
(1002, 'Agree', 47, 1),
(1003, 'Agree', 47, 1),
(1004, 'Strongly Agree', 47, 1),
(1005, 'Strongly Agree', 47, 1),
(1006, 'Agree', 47, 1),
(1007, 'Strongly Agree', 47, 1),
(1008, 'Strongly Agree', 47, 1),
(1009, 'Strongly Agree', 47, 1),
(1010, 'Agree', 47, 1),
(1011, 'Strongly Agree', 47, 1),
(1012, 'Agree', 47, 1),
(1013, 'Strongly Agree', 47, 1),
(1014, 'Agree', 47, 1),
(1015, 'Strongly Agree', 47, 1),
(1016, 'Strongly Agree', 47, 1),
(1017, 'Strongly Agree', 47, 1),
(1018, 'Strongly Agree', 47, 1),
(1019, 'Strongly Agree', 47, 1),
(1020, 'Strongly Agree', 47, 1),
(1021, 'Strongly Agree', 47, 1),
(1022, 'Strongly Agree', 47, 1),
(1023, 'Strongly Agree', 47, 1),
(1024, 'Agree', 47, 1),
(1025, 'Strongly Agree', 47, 1),
(1026, 'Strongly Agree', 47, 1),
(1027, 'Strongly Agree', 47, 1),
(1028, 'Strongly Agree', 47, 1),
(1029, 'Strongly Agree', 47, 1),
(1030, 'Strongly Agree', 47, 1),
(1031, 'Strongly Agree', 47, 1),
(1032, 'Agree', 47, 1),
(1033, 'Strongly Agree', 47, 1),
(1034, 'Strongly Agree', 47, 1),
(1035, 'Strongly Agree', 47, 1),
(1036, 'Strongly Agree', 47, 1),
(1037, 'Strongly Disagree', 47, 1),
(1038, 'Strongly Agree', 47, 1),
(1039, 'Agree', 47, 1),
(1040, 'Strongly Agree', 47, 1),
(1041, 'Agree', 47, 1),
(1042, 'Strongly Agree', 47, 1),
(1043, 'Strongly Agree', 47, 1),
(1044, 'Strongly Agree', 47, 1),
(1045, 'Strongly Agree', 47, 1),
(1046, 'Strongly Agree', 47, 1),
(1047, 'Strongly Agree', 47, 1),
(1048, 'Strongly Agree', 47, 1),
(1049, 'Agree', 47, 1),
(1050, 'Strongly Agree', 47, 1),
(1051, 'Agree', 47, 1),
(1052, 'Strongly Agree', 47, 1),
(1053, 'Agree', 47, 1),
(1054, 'Agree', 47, 1),
(1055, 'Agree', 47, 1),
(1056, 'Agree', 47, 1),
(1057, 'Agree', 47, 1),
(1058, 'Agree', 47, 1),
(1059, 'Strongly Agree', 47, 1),
(1060, 'Agree', 47, 1),
(1061, 'Agree', 47, 1),
(1062, 'Strongly Agree', 47, 1),
(1063, 'Strongly Agree', 47, 1),
(1064, 'Agree', 47, 1),
(1065, 'Strongly Agree', 47, 1),
(1066, 'Strongly Agree', 47, 1),
(1067, 'Agree', 47, 1),
(1068, 'Strongly Agree', 47, 1),
(1069, 'Strongly Agree', 47, 1),
(1070, 'Agree', 47, 1),
(1071, 'Strongly Agree', 47, 1),
(1072, 'Strongly Agree', 47, 1),
(1073, 'Strongly Agree', 47, 1),
(1074, 'Strongly Agree', 47, 1),
(1075, 'Strongly Agree', 47, 1),
(1076, 'Neutral', 47, 1),
(1077, 'Neutral', 47, 1),
(1078, 'Agree', 47, 1),
(1079, 'Strongly Agree', 47, 1),
(1080, 'Strongly Agree', 47, 1),
(1081, 'Neutral', 47, 1),
(1082, 'Agree', 47, 1),
(1083, 'Strongly Agree', 47, 1),
(1084, 'Strongly Agree', 47, 1),
(1085, 'Strongly Agree', 47, 1),
(1086, 'Strongly Agree', 47, 1),
(1087, 'Strongly Agree', 47, 1),
(1088, 'Strongly Agree', 47, 1),
(1089, 'Strongly Agree', 47, 1),
(1090, 'Strongly Agree', 47, 1),
(1091, 'Strongly Agree', 47, 1),
(1092, 'Strongly Agree', 47, 1),
(1093, 'Strongly Agree', 47, 1),
(1094, 'Strongly Agree', 47, 1),
(1095, 'Agree', 47, 1),
(1096, 'Strongly Agree', 47, 1),
(1097, 'Agree', 47, 1),
(1098, 'Neutral', 47, 1),
(1099, 'Strongly Agree', 47, 1),
(1100, 'Strongly Agree', 47, 1),
(1101, 'Agree', 47, 1),
(1102, 'Strongly Agree', 47, 1),
(1103, 'Agree', 47, 1),
(1104, 'Strongly Agree', 47, 1),
(1105, 'Disagree', 47, 1),
(1106, 'Strongly Agree', 47, 1),
(1107, 'Strongly Agree', 47, 1),
(1108, 'Neutral', 47, 1),
(1109, 'Strongly Agree', 47, 1),
(1110, 'Strongly Agree', 47, 1),
(1111, 'Strongly Agree', 47, 1),
(1112, 'Strongly Agree', 47, 1),
(1113, 'Agree', 47, 1),
(1114, 'Strongly Agree', 47, 1),
(1115, 'Agree', 47, 1),
(1116, 'Agree', 47, 1),
(1117, 'Strongly Agree', 47, 1),
(1118, 'Strongly Agree', 47, 1),
(1119, 'Strongly Agree', 47, 1),
(1120, 'Agree', 47, 1),
(1121, 'Strongly Agree', 47, 1),
(1122, 'Strongly Agree', 47, 1),
(1123, 'Strongly Agree', 47, 1),
(1124, 'Strongly Agree', 47, 1),
(1125, 'Strongly Agree', 47, 1),
(1126, 'Strongly Agree', 47, 1),
(1127, 'Agree', 47, 1),
(1128, 'Strongly Agree', 47, 1),
(1129, 'Strongly Agree', 47, 1),
(1130, 'Strongly Agree', 47, 1),
(1131, 'Agree', 47, 1),
(1132, 'Strongly Agree', 47, 1),
(1133, 'Agree', 47, 1),
(1134, 'Strongly Agree', 47, 1),
(1135, 'Strongly Agree', 47, 1),
(1136, 'Strongly Agree', 47, 1),
(1137, 'Agree', 47, 1),
(1138, 'Strongly Agree', 47, 1),
(1139, 'Strongly Agree', 47, 1),
(1140, 'Strongly Agree', 47, 1),
(1141, 'Agree', 47, 1),
(1142, 'Agree', 47, 1),
(1143, 'Strongly Agree', 47, 1),
(1144, 'Strongly Agree', 47, 1),
(1145, 'Agree', 47, 1),
(1146, 'Agree', 47, 1),
(1147, 'Strongly Agree', 47, 1),
(1148, 'Strongly Agree', 47, 1),
(1149, 'Strongly Agree', 47, 1),
(1150, 'Strongly Agree', 47, 1),
(1151, 'Strongly Agree', 47, 1),
(1152, 'Strongly Agree', 47, 1),
(1153, 'Strongly Agree', 47, 1),
(1154, 'Agree', 47, 1),
(1155, 'Agree', 47, 1),
(1156, 'Agree', 47, 1),
(1157, 'Strongly Agree', 47, 1),
(1158, 'Agree', 47, 1),
(1159, 'Strongly Agree', 47, 1),
(1160, 'Strongly Agree', 47, 1),
(1161, 'Strongly Agree', 47, 1),
(1162, 'Strongly Agree', 47, 1),
(1163, 'Agree', 47, 1),
(1164, 'Agree', 47, 1),
(1165, 'Strongly Agree', 47, 1),
(1166, 'Strongly Agree', 47, 1),
(1167, 'Strongly Agree', 47, 1),
(1168, 'Sumasang-ayon', 48, 1),
(1169, 'Agree', 47, 1),
(1170, 'Strongly Agree', 47, 1),
(1171, 'Strongly Agree', 47, 1),
(1172, 'Strongly Agree', 47, 1),
(1173, 'Strongly Agree', 47, 1),
(1174, 'Strongly Agree', 47, 1),
(1175, 'Agree', 47, 1),
(1176, 'Strongly Agree', 47, 1),
(1177, 'Agree', 47, 1),
(1178, 'Strongly Agree', 47, 1),
(1179, 'Strongly Agree', 47, 1),
(1180, 'Strongly Agree', 47, 1),
(1181, 'Strongly Agree', 47, 1),
(1182, 'Strongly Agree', 47, 1),
(1183, 'Agree', 47, 1),
(1184, 'Strongly Agree', 47, 1),
(1185, 'Strongly Agree', 47, 1),
(1186, 'Strongly Agree', 47, 1),
(1187, 'Agree', 47, 1),
(1188, 'Strongly Agree', 47, 1),
(1189, 'Strongly Agree', 47, 1),
(1190, 'Strongly Agree', 47, 1),
(1191, 'Lubos na sumasang-ayon', 48, 1),
(1192, 'Strongly Agree', 47, 1),
(1193, 'Strongly Agree', 47, 1),
(1194, 'Strongly Agree', 47, 1),
(1195, 'Strongly Agree', 47, 1),
(1196, 'Strongly Agree', 47, 1),
(1197, 'Strongly Agree', 47, 1),
(1198, 'Strongly Agree', 47, 1),
(1199, 'Strongly Agree', 47, 1),
(1200, 'Strongly Agree', 47, 1),
(1201, 'Strongly Agree', 47, 1),
(1202, 'Strongly Agree', 47, 1),
(1203, 'Strongly Agree', 47, 1),
(1204, 'Strongly Agree', 47, 1),
(1205, 'Strongly Agree', 47, 1),
(1206, 'Strongly Agree', 47, 1),
(1207, 'Agree', 47, 1),
(1208, 'Agree', 47, 1),
(1209, 'Strongly Agree', 47, 1),
(1210, 'Agree', 47, 1),
(1211, 'Strongly Agree', 47, 1),
(1212, 'Strongly Agree', 47, 1),
(1213, 'Strongly Agree', 47, 1),
(1214, 'Agree', 47, 1),
(1215, 'Disagree', 47, 1),
(1216, 'Strongly Agree', 47, 1),
(1217, 'Agree', 47, 1),
(1218, 'Strongly Agree', 47, 1),
(1219, 'Agree', 47, 1),
(1220, 'Strongly Agree', 47, 1),
(1221, 'Strongly Agree', 47, 1),
(1222, 'Strongly Agree', 47, 1),
(1223, 'Strongly Agree', 47, 1),
(1224, 'Lubos na sumasang-ayon', 48, 1),
(1225, 'Agree', 47, 1),
(1226, 'Strongly Agree', 47, 1),
(1227, 'Strongly Agree', 47, 1),
(1228, 'Strongly Agree', 47, 1),
(1229, 'Strongly Agree', 47, 1),
(1230, 'Agree', 47, 1),
(1231, 'Strongly Agree', 47, 1),
(1232, 'Agree', 47, 1),
(1233, 'Strongly Agree', 47, 1),
(1234, 'Strongly Agree', 47, 1),
(1235, 'Strongly Agree', 47, 1),
(1236, 'Strongly Agree', 47, 1),
(1237, 'Strongly Agree', 47, 1),
(1238, 'Strongly Agree', 47, 1),
(1239, 'Strongly Agree', 47, 1),
(1240, 'Strongly Agree', 47, 1),
(1241, 'Agree', 47, 1),
(1242, 'Strongly Agree', 47, 1),
(1243, 'Agree', 47, 1),
(1244, 'Strongly Agree', 47, 1),
(1245, 'Strongly Agree', 47, 1),
(1246, 'Strongly Agree', 47, 1),
(1247, 'Agree', 47, 1),
(1248, 'Strongly Agree', 47, 1),
(1249, 'Strongly Agree', 47, 1),
(1250, 'Agree', 47, 1),
(1251, 'Strongly Agree', 47, 1),
(1252, 'Strongly Agree', 47, 1),
(1253, 'Strongly Agree', 47, 1),
(1254, 'Strongly Agree', 47, 1),
(1255, 'Strongly Agree', 47, 1),
(1256, 'Agree', 47, 1),
(1257, 'Strongly Agree', 47, 1),
(1258, 'Strongly Agree', 47, 1),
(1259, 'Agree', 47, 1),
(1260, 'Strongly Agree', 47, 1),
(1261, 'Strongly Agree', 47, 1),
(1262, 'Strongly Agree', 47, 1),
(1263, 'Strongly Agree', 47, 1),
(1264, 'Strongly Agree', 47, 1),
(1265, 'Agree', 47, 1),
(1266, 'Agree', 47, 1),
(1267, 'Agree', 47, 1),
(1268, 'Strongly Agree', 47, 1),
(1269, 'Agree', 47, 1),
(1270, 'Strongly Agree', 47, 1),
(1271, 'Agree', 47, 1),
(1272, 'Strongly Agree', 47, 1),
(1273, 'Strongly Agree', 47, 1),
(1274, 'Strongly Agree', 47, 1),
(1275, 'Strongly Agree', 47, 1),
(1276, 'Strongly Agree', 47, 1),
(1277, 'Strongly Agree', 47, 1),
(1278, 'Agree', 47, 1),
(1279, 'Strongly Agree', 47, 1),
(1280, 'Strongly Agree', 47, 1),
(1281, 'Strongly Agree', 47, 1),
(1282, 'Strongly Agree', 47, 1),
(1283, 'Strongly Agree', 47, 1),
(1284, 'Strongly Agree', 47, 1),
(1285, 'Strongly Agree', 47, 1),
(1286, 'Strongly Agree', 47, 1),
(1287, 'Strongly Agree', 47, 1),
(1288, 'Strongly Agree', 47, 1),
(1289, 'Lubos na sumasang-ayon', 48, 1),
(1290, 'Agree', 47, 1),
(1291, 'Strongly Agree', 47, 1),
(1292, 'Strongly Agree', 47, 1),
(1293, 'Strongly Agree', 47, 1),
(1294, 'Strongly Agree', 47, 1),
(1295, 'Strongly Agree', 47, 1),
(1296, 'Strongly Agree', 47, 1),
(1297, 'Strongly Agree', 47, 1),
(1298, 'Strongly Agree', 47, 1),
(1299, 'Agree', 47, 1),
(1300, 'Strongly Agree', 47, 1),
(1301, 'Agree', 47, 1),
(1302, 'Agree', 47, 1),
(1303, 'Strongly Agree', 47, 1),
(1304, 'Agree', 47, 1),
(1305, 'Strongly Disagree', 47, 1),
(1306, 'Strongly Agree', 47, 1),
(1307, 'Strongly Agree', 47, 1),
(1308, 'Strongly Agree', 47, 1),
(1309, 'Strongly Agree', 47, 1),
(1310, 'Strongly Agree', 47, 1),
(1311, 'Strongly Agree', 47, 1),
(1312, 'Strongly Agree', 47, 1),
(1313, 'Strongly Agree', 47, 1),
(1314, 'Agree', 47, 1),
(1315, 'Strongly Agree', 47, 1),
(1316, 'Strongly Agree', 47, 1),
(1317, 'Strongly Agree', 47, 1),
(1318, 'Strongly Agree', 47, 1),
(1319, 'Strongly Agree', 47, 1),
(1320, 'Strongly Agree', 47, 1),
(1321, 'Strongly Agree', 47, 1),
(1322, 'Strongly Agree', 47, 1),
(1323, 'Agree', 47, 1),
(1324, 'Agree', 47, 1),
(1325, 'Strongly Agree', 47, 1),
(1326, 'Strongly Agree', 47, 1),
(1327, 'Strongly Agree', 47, 1),
(1328, 'Strongly Agree', 47, 1),
(1329, 'Strongly Agree', 47, 1),
(1330, 'Strongly Agree', 47, 1),
(1331, 'Strongly Agree', 47, 1),
(1332, 'Strongly Agree', 47, 1),
(1333, 'Strongly Agree', 47, 1),
(1334, 'Agree', 47, 1),
(1335, 'Strongly Agree', 47, 1),
(1336, 'Agree', 47, 1),
(1337, 'Agree', 47, 1),
(1338, 'Agree', 47, 1),
(1339, 'Strongly Agree', 47, 1),
(1340, 'Strongly Agree', 47, 1),
(1341, 'Strongly Agree', 47, 1),
(1342, 'Strongly Agree', 47, 1),
(1343, 'Strongly Agree', 47, 1),
(1344, 'Strongly Agree', 47, 1),
(1345, 'Strongly Agree', 47, 1),
(1346, 'Strongly Agree', 47, 1),
(1347, 'Agree', 47, 1),
(1348, 'Strongly Agree', 47, 1),
(1349, 'Strongly Agree', 47, 1),
(1350, 'Strongly Agree', 47, 1),
(1351, 'Strongly Agree', 47, 1),
(1352, 'Agree', 47, 1),
(1353, 'Strongly Agree', 47, 1),
(1354, 'Strongly Agree', 47, 1),
(1355, 'Strongly Agree', 47, 1),
(1356, 'Strongly Agree', 47, 1),
(1357, 'Strongly Agree', 47, 1),
(1358, 'Strongly Agree', 47, 1),
(1359, 'Strongly Agree', 47, 1),
(1360, 'Strongly Agree', 47, 1),
(1361, 'Agree', 47, 1),
(1362, 'Strongly Agree', 47, 1),
(1363, 'Strongly Agree', 47, 1),
(1364, 'Strongly Agree', 47, 1),
(1365, 'Agree', 47, 1),
(1366, 'Strongly Agree', 47, 1),
(1367, 'Agree', 47, 1),
(1368, 'Agree', 47, 1),
(1369, 'Strongly Agree', 47, 1),
(1370, 'Agree', 47, 1),
(1371, 'Strongly Agree', 47, 1),
(1372, 'Agree', 47, 1),
(1373, 'Agree', 47, 1),
(1374, 'Agree', 47, 1),
(1375, 'Strongly Agree', 47, 1),
(1376, 'Strongly Agree', 47, 1),
(1377, 'Strongly Agree', 47, 1),
(1378, 'Strongly Agree', 47, 1),
(1379, 'Agree', 47, 1),
(1380, 'Strongly Agree', 47, 1),
(1381, 'Agree', 47, 1),
(1382, 'Agree', 47, 1),
(1383, 'Strongly Agree', 47, 1),
(1384, 'Agree', 47, 1),
(1385, 'Strongly Agree', 47, 1),
(1386, 'Strongly Agree', 47, 1),
(1387, 'Strongly Agree', 47, 1),
(1388, 'Strongly Agree', 47, 1),
(1389, 'Agree', 47, 1),
(1390, 'Agree', 47, 1),
(1391, 'Strongly Agree', 47, 1),
(1392, 'Strongly Agree', 47, 1),
(1393, 'Agree', 47, 1),
(1394, 'Agree', 47, 1),
(1395, 'Agree', 47, 1),
(1396, 'Agree', 47, 1),
(1397, 'Strongly Agree', 47, 1),
(1398, 'Strongly Agree', 47, 1),
(1399, 'Strongly Agree', 47, 1),
(1400, 'Strongly Agree', 47, 1),
(1401, 'Strongly Agree', 47, 1),
(1402, 'Agree', 47, 1),
(1403, 'Strongly Agree', 47, 1),
(1404, 'Strongly Agree', 47, 1),
(1405, 'Strongly Agree', 47, 1),
(1406, 'Strongly Agree', 47, 1),
(1407, 'Strongly Agree', 47, 1),
(1408, 'Strongly Agree', 47, 1),
(1409, 'Strongly Agree', 47, 1),
(1410, 'Agree', 47, 1),
(1411, 'Strongly Agree', 47, 1),
(1412, 'Agree', 47, 1),
(1413, 'Strongly Agree', 47, 1),
(1414, 'Agree', 47, 1),
(1415, 'Strongly Agree', 47, 1),
(1416, 'Strongly Agree', 47, 1),
(1417, 'Strongly Agree', 47, 1),
(1418, 'Strongly Agree', 47, 1),
(1419, 'Strongly Agree', 47, 1),
(1420, 'Strongly Agree', 47, 1),
(1421, 'Agree', 47, 1),
(1422, 'Strongly Agree', 47, 1),
(1423, 'Strongly Agree', 47, 1),
(1424, 'Agree', 47, 1),
(1425, 'Strongly Agree', 47, 1),
(1426, 'Strongly Agree', 47, 1),
(1427, 'Agree', 47, 1),
(1428, 'Agree', 47, 1),
(1429, 'Strongly Agree', 47, 1),
(1430, 'Agree', 47, 1),
(1431, 'Agree', 47, 1),
(1432, 'Agree', 47, 1),
(1433, 'Strongly Agree', 47, 1),
(1434, 'Agree', 47, 1),
(1435, 'Strongly Agree', 47, 1),
(1436, 'Strongly Agree', 47, 1),
(1437, 'Strongly Agree', 47, 1),
(1438, 'Strongly Agree', 47, 1),
(1439, 'Strongly Agree', 47, 1),
(1440, 'Strongly Agree', 47, 1),
(1441, 'Strongly Agree', 47, 1),
(1442, 'Strongly Agree', 47, 1),
(1443, 'Agree', 47, 1),
(1444, 'Strongly Agree', 47, 1),
(1445, 'Strongly Agree', 47, 1),
(1446, 'Strongly Agree', 47, 1),
(1447, 'Strongly Agree', 47, 1),
(1448, 'Strongly Agree', 47, 1),
(1449, 'Strongly Agree', 47, 1),
(1450, 'Strongly Agree', 47, 1),
(1451, 'Strongly Agree', 47, 1),
(1452, 'Strongly Agree', 47, 1),
(1453, 'Strongly Agree', 47, 1),
(1454, 'Strongly Agree', 47, 1),
(1455, 'Strongly Agree', 47, 1),
(1456, 'Neutral', 47, 1),
(1457, 'Strongly Agree', 47, 1),
(1458, 'Agree', 47, 1),
(1459, 'Strongly Agree', 47, 1),
(1460, 'Strongly Agree', 47, 1),
(1461, 'Agree', 47, 1),
(1462, 'Strongly Agree', 47, 1),
(1463, 'Strongly Agree', 47, 1),
(1464, 'Strongly Agree', 47, 1),
(1465, 'Strongly Agree', 47, 1),
(1466, 'Agree', 47, 1),
(1467, 'Agree', 47, 1),
(1468, 'Strongly Agree', 47, 1),
(1469, 'Strongly Agree', 47, 1),
(1470, 'Agree', 47, 1),
(1471, 'Strongly Agree', 47, 1),
(1472, 'Agree', 47, 1),
(1473, 'Agree', 47, 1),
(1474, 'Strongly Agree', 47, 1),
(1475, 'Agree', 47, 1),
(1476, 'Strongly Agree', 47, 1),
(1477, 'Strongly Agree', 47, 1),
(1478, 'Strongly Agree', 47, 1),
(1479, 'Strongly Agree', 47, 1),
(1480, 'Strongly Agree', 47, 1),
(1481, 'Agree', 47, 1),
(1482, 'Strongly Agree', 47, 1),
(1483, 'Strongly Agree', 47, 1),
(1484, 'Strongly Agree', 47, 1),
(1485, 'Strongly Agree', 47, 1),
(1486, 'Agree', 47, 1),
(1487, 'Strongly Agree', 47, 1),
(1488, 'Strongly Agree', 47, 1),
(1489, 'Strongly Agree', 47, 1),
(1490, 'Strongly Agree', 47, 1),
(1491, 'Strongly Agree', 47, 1),
(1492, 'Strongly Agree', 47, 1),
(1493, 'Strongly Agree', 47, 1),
(1494, 'Strongly Agree', 47, 1),
(1495, 'Agree', 47, 1),
(1496, 'Agree', 47, 1),
(1497, 'Agree', 47, 1),
(1498, 'Strongly Agree', 47, 1),
(1499, 'Strongly Agree', 47, 1),
(1500, 'Strongly Agree', 47, 1),
(1501, 'Agree', 47, 1),
(1502, 'Agree', 47, 1),
(1503, 'Strongly Agree', 47, 1),
(1504, 'Agree', 47, 1),
(1505, 'Agree', 47, 1),
(1506, 'Strongly Agree', 47, 1),
(1507, 'Agree', 47, 1),
(1508, 'Agree', 47, 1),
(1509, 'Agree', 47, 1),
(1510, 'Agree', 47, 1),
(1511, 'Agree', 47, 1),
(1512, 'Agree', 47, 1),
(1513, 'Strongly Agree', 47, 1),
(1514, 'Agree', 47, 1),
(1515, 'Neutral', 47, 1),
(1516, 'Neutral', 47, 1),
(1517, 'Agree', 47, 1),
(1518, 'Strongly Agree', 47, 1),
(1519, 'Strongly Agree', 47, 1),
(1520, 'Strongly Agree', 47, 1),
(1521, 'Strongly Agree', 47, 1),
(1522, 'Strongly Agree', 47, 1),
(1523, 'Strongly Agree', 47, 1),
(1524, 'Agree', 47, 1),
(1525, 'Agree', 47, 1),
(1526, 'Agree', 47, 1),
(1527, 'Strongly Agree', 47, 1),
(1528, 'Strongly Agree', 47, 1),
(1529, 'Neutral', 47, 1),
(1530, 'Sumasang-ayon', 48, 1),
(1531, 'Agree', 47, 1),
(1532, 'Strongly Agree', 47, 1),
(1533, 'Agree', 47, 1),
(1534, 'Strongly Agree', 47, 1),
(1535, 'Agree', 47, 1),
(1536, 'Strongly Agree', 47, 1),
(1537, 'Strongly Agree', 47, 1),
(1538, 'Strongly Agree', 47, 1),
(1539, 'Agree', 47, 1),
(1540, 'Strongly Agree', 47, 1),
(1541, 'Agree', 47, 1),
(1542, 'Agree', 47, 1),
(1543, 'Strongly Agree', 47, 1),
(1544, 'Agree', 47, 1),
(1545, 'Strongly Agree', 47, 1),
(1546, 'Strongly Agree', 47, 1),
(1547, 'Strongly Agree', 47, 1),
(1548, 'Agree', 47, 1),
(1549, 'Agree', 47, 1),
(1550, 'Strongly Agree', 47, 1),
(1551, 'Strongly Agree', 47, 1),
(1552, 'Strongly Agree', 47, 1),
(1553, 'Strongly Agree', 47, 1),
(1554, 'Agree', 47, 1),
(1555, 'Agree', 47, 1),
(1556, 'Agree', 47, 1),
(1557, 'Strongly Agree', 47, 1),
(1558, 'Strongly Agree', 47, 1),
(1559, 'Strongly Agree', 47, 1),
(1560, 'Strongly Agree', 47, 1),
(1561, 'Agree', 47, 1),
(1562, 'Strongly Agree', 47, 1),
(1563, 'Strongly Agree', 47, 1),
(1564, 'Neutral', 47, 1),
(1565, 'Agree', 47, 1),
(1566, 'Strongly Agree', 47, 1),
(1567, 'Strongly Agree', 47, 1),
(1568, 'Strongly Agree', 47, 1),
(1569, 'Agree', 47, 1),
(1570, 'Strongly Agree', 47, 1),
(1571, 'Strongly Agree', 47, 1),
(1572, 'Strongly Agree', 47, 1),
(1573, 'Strongly Agree', 47, 1),
(1574, 'Agree', 47, 1),
(1575, 'Strongly Agree', 47, 1),
(1576, 'Agree', 47, 1),
(1577, 'Strongly Agree', 47, 1),
(1578, 'Agree', 47, 1),
(1579, 'Strongly Agree', 47, 1),
(1580, 'Strongly Agree', 47, 1),
(1581, 'Agree', 47, 1),
(1582, 'Agree', 47, 1),
(1583, 'Strongly Agree', 47, 1),
(1584, 'Strongly Agree', 47, 1),
(1585, 'Agree', 47, 1),
(1586, 'Strongly Agree', 47, 1),
(1587, 'Strongly Agree', 47, 1),
(1588, 'Strongly Agree', 47, 1),
(1589, 'Agree', 47, 1),
(1590, 'Agree', 47, 1),
(1591, 'Agree', 47, 1),
(1592, 'Agree', 47, 1),
(1593, 'Neutral', 47, 1),
(1594, 'Agree', 47, 1),
(1595, 'Agree', 47, 1),
(1596, 'Agree', 47, 1),
(1597, 'Agree', 47, 1),
(1598, 'Agree', 47, 1),
(1599, 'Agree', 47, 1),
(1600, 'Agree', 47, 1),
(1601, 'Agree', 47, 1),
(1602, 'Strongly Agree', 47, 1),
(1603, 'Strongly Agree', 47, 1),
(1604, 'Strongly Agree', 47, 1),
(1605, 'Strongly Agree', 47, 1),
(1606, 'Strongly Agree', 47, 1),
(1607, 'Agree', 47, 1),
(1608, 'Strongly Agree', 47, 1),
(1609, 'Strongly Agree', 47, 1),
(1610, 'Agree', 47, 1),
(1611, 'Strongly Agree', 47, 1),
(1612, 'Strongly Agree', 47, 1),
(1613, 'Agree', 47, 1),
(1614, 'Strongly Agree', 47, 1),
(1615, 'Strongly Agree', 47, 1),
(1616, 'Agree', 47, 1),
(1617, 'Strongly Agree', 47, 1),
(1618, 'Agree', 47, 1),
(1619, 'Agree', 47, 1),
(1620, 'Strongly Agree', 47, 1),
(1621, 'Strongly Agree', 47, 1),
(1622, 'Strongly Agree', 47, 1),
(1623, 'Strongly Agree', 47, 1),
(1624, 'Agree', 47, 1),
(1625, 'Strongly Agree', 47, 1),
(1626, 'Strongly Agree', 47, 1),
(1627, 'Agree', 47, 1),
(1628, 'Strongly Agree', 47, 1),
(1629, 'Agree', 47, 1),
(1630, 'Lubos na sumasang-ayon', 48, 1),
(1631, 'Agree', 47, 1),
(1632, 'Neutral', 47, 1),
(1633, 'Agree', 47, 1),
(1634, 'Strongly Agree', 47, 1),
(1635, 'Strongly Agree', 47, 1),
(1636, 'Strongly Disagree', 47, 1),
(1637, 'Strongly Agree', 47, 1),
(1638, 'Strongly Agree', 47, 1),
(1639, 'Strongly Agree', 47, 1),
(1640, 'Agree', 47, 1),
(1641, 'Agree', 47, 1),
(1642, 'Agree', 47, 1),
(1643, 'Strongly Agree', 47, 1),
(1644, 'Strongly Agree', 47, 1),
(1645, 'Strongly Agree', 47, 1),
(1646, 'Strongly Agree', 47, 1),
(1647, 'Strongly Agree', 47, 1),
(1648, 'Strongly Agree', 47, 1),
(1649, 'Strongly Agree', 47, 1),
(1650, 'Strongly Agree', 47, 1),
(1651, 'Agree', 47, 1),
(1652, 'Strongly Agree', 47, 1),
(1653, 'Strongly Agree', 47, 1),
(1654, 'Strongly Agree', 47, 1),
(1655, 'Strongly Agree', 47, 1),
(1656, 'Agree', 47, 1),
(1657, 'Strongly Agree', 47, 1),
(1658, 'Strongly Agree', 47, 1),
(1659, 'Strongly Agree', 47, 1),
(1660, 'Strongly Agree', 47, 1),
(1661, 'Agree', 47, 1),
(1662, 'Strongly Agree', 47, 1),
(1663, 'Strongly Agree', 47, 1),
(1664, 'Agree', 47, 1),
(1665, 'Strongly Agree', 47, 1),
(1666, 'Strongly Agree', 47, 1),
(1667, 'Strongly Agree', 47, 1),
(1668, 'Strongly Agree', 47, 1),
(1669, 'Strongly Agree', 47, 1),
(1670, 'Agree', 47, 1),
(1671, 'Strongly Agree', 47, 1),
(1672, 'Agree', 47, 1),
(1673, 'Agree', 47, 1),
(1674, 'Agree', 47, 1),
(1675, 'Agree', 47, 1),
(1676, 'Strongly Agree', 47, 1),
(1677, 'Strongly Agree', 47, 1),
(1678, 'Strongly Agree', 47, 1),
(1679, 'Agree', 47, 1),
(1680, 'Agree', 47, 1),
(1681, 'Agree', 47, 1),
(1682, 'Agree', 47, 1),
(1683, 'Agree', 47, 1),
(1684, 'Agree', 47, 1),
(1685, 'Agree', 47, 1),
(1686, 'Strongly Agree', 47, 1),
(1687, 'Strongly Agree', 47, 1),
(1688, 'Strongly Agree', 47, 1),
(1689, 'Strongly Agree', 47, 1),
(1690, 'Strongly Agree', 47, 1),
(1691, 'Neutral', 47, 1),
(1692, 'Neutral', 47, 1),
(1693, 'Neutral', 47, 1),
(1694, 'Strongly Agree', 47, 1),
(1695, 'Strongly Agree', 47, 1),
(1696, 'Strongly Agree', 47, 1),
(1697, 'Strongly Agree', 47, 1),
(1698, 'Agree', 47, 1),
(1699, 'Agree', 47, 1),
(1700, 'Strongly Agree', 47, 1),
(1701, 'Agree', 47, 1),
(1702, 'Agree', 47, 1),
(1703, 'Agree', 47, 1),
(1704, 'Strongly Agree', 47, 1),
(1705, 'Agree', 47, 1),
(1706, 'Strongly Agree', 47, 1),
(1707, 'Strongly Agree', 47, 1),
(1708, 'Agree', 47, 1),
(1709, 'Strongly Agree', 47, 1),
(1710, 'Strongly Agree', 47, 1),
(1711, 'Strongly Agree', 47, 1),
(1712, 'Strongly Agree', 47, 1),
(1713, 'Strongly Agree', 47, 1),
(1714, 'Lubos na sumasang-ayon', 48, 1),
(1715, 'Strongly Agree', 47, 1),
(1716, 'Agree', 47, 1),
(1717, 'Agree', 47, 1),
(1718, 'Strongly Agree', 47, 1),
(1719, 'Strongly Agree', 47, 1),
(1720, 'Strongly Agree', 47, 1),
(1721, 'Agree', 47, 1),
(1722, 'Agree', 47, 1),
(1723, 'Agree', 47, 1),
(1724, 'Strongly Agree', 47, 1),
(1725, 'Agree', 47, 1),
(1726, 'Strongly Agree', 47, 1),
(1727, 'Agree', 47, 1),
(1728, 'Strongly Agree', 47, 1),
(1729, 'Strongly Agree', 47, 1),
(1730, 'Agree', 47, 1),
(1731, 'Strongly Agree', 47, 1),
(1732, 'Strongly Agree', 47, 1),
(1733, 'Strongly Agree', 47, 1),
(1734, 'Strongly Agree', 47, 1),
(1735, 'Agree', 47, 1),
(1736, 'Agree', 47, 1),
(1737, 'Strongly Agree', 47, 1),
(1738, 'Agree', 47, 1),
(1739, 'Agree', 47, 1),
(1740, 'Agree', 47, 1),
(1741, 'Strongly Agree', 47, 1),
(1742, 'Strongly Agree', 47, 1),
(1743, 'Strongly Agree', 47, 1),
(1744, 'Strongly Agree', 47, 1),
(1745, 'Agree', 47, 1),
(1746, 'Strongly Agree', 47, 1),
(1747, 'Strongly Agree', 47, 1),
(1748, 'Strongly Agree', 47, 1),
(1749, 'Agree', 47, 1),
(1750, 'Agree', 47, 1),
(1751, 'Strongly Agree', 47, 1),
(1752, 'Strongly Agree', 47, 1),
(1753, 'Strongly Agree', 47, 1),
(1754, 'Strongly Agree', 47, 1),
(1755, 'Strongly Agree', 47, 1),
(1756, 'Strongly Agree', 47, 1),
(1757, 'Strongly Agree', 47, 1),
(1758, 'Strongly Agree', 47, 1),
(1759, 'Strongly Agree', 47, 1),
(1760, 'Strongly Agree', 47, 1),
(1761, 'Strongly Agree', 47, 1),
(1762, 'Strongly Agree', 47, 1),
(1763, 'Agree', 47, 1),
(1764, 'Agree', 47, 1),
(1765, 'Strongly Agree', 47, 1),
(1766, 'Strongly Agree', 47, 1),
(1767, 'Agree', 47, 1),
(1768, 'Agree', 47, 1),
(1769, 'Agree', 47, 1),
(1770, 'Strongly Agree', 47, 1),
(1771, 'Agree', 47, 1),
(1772, 'Strongly Agree', 47, 1),
(1773, 'Agree', 47, 1),
(1774, 'Strongly Agree', 47, 1),
(1775, 'Strongly Agree', 47, 1),
(1776, 'Agree', 47, 1),
(1777, 'Strongly Agree', 47, 1),
(1778, 'Agree', 47, 1),
(1779, 'Strongly Agree', 47, 1),
(1780, 'Agree', 47, 1),
(1781, 'Agree', 47, 1),
(1782, 'Strongly Agree', 47, 1),
(1783, 'Strongly Agree', 47, 1),
(1784, 'Strongly Agree', 47, 1),
(1785, 'Agree', 47, 1),
(1786, 'Strongly Agree', 47, 1);
INSERT INTO `responses` (`id`, `response`, `question_id`, `respondent_id`) VALUES
(1787, 'Strongly Agree', 47, 1),
(1788, 'Strongly Agree', 47, 1),
(1789, 'Strongly Agree', 47, 1),
(1790, 'Strongly Agree', 47, 1),
(1791, 'Strongly Agree', 47, 1),
(1792, 'Agree', 47, 1),
(1793, 'Strongly Agree', 47, 1),
(1794, 'Agree', 47, 1),
(1795, 'Strongly Agree', 47, 1),
(1796, 'Strongly Agree', 47, 1),
(1797, 'Strongly Agree', 47, 1),
(1798, 'Strongly Agree', 47, 1),
(1799, 'Agree', 47, 1),
(1800, 'Strongly Agree', 47, 1),
(1801, 'Strongly Agree', 47, 1),
(1802, 'Agree', 47, 1),
(1803, 'Strongly Agree', 47, 1),
(1804, 'Strongly Agree', 47, 1),
(1805, 'Agree', 47, 1),
(1806, 'Strongly Agree', 47, 1),
(1807, 'Agree', 47, 1),
(1808, 'Strongly Agree', 47, 1),
(1809, 'Strongly Agree', 47, 1),
(1810, 'Agree', 47, 1),
(1811, 'Strongly Agree', 47, 1),
(1812, 'Agree', 47, 1),
(1813, 'Agree', 47, 1),
(1814, 'Strongly Agree', 47, 1),
(1815, 'Agree', 47, 1),
(1816, 'Agree', 47, 1),
(1817, 'Agree', 47, 1),
(1818, 'Strongly Agree', 47, 1),
(1819, 'Strongly Agree', 47, 1),
(1820, 'Strongly Agree', 47, 1),
(1821, 'Strongly Agree', 47, 1),
(1822, 'Strongly Agree', 47, 1),
(1823, 'Agree', 47, 1),
(1824, 'Strongly Agree', 47, 1),
(1825, 'Strongly Agree', 47, 1),
(1826, 'Strongly Agree', 47, 1),
(1827, 'Agree', 47, 1),
(1828, 'Strongly Agree', 47, 1),
(1829, 'Strongly Agree', 47, 1),
(1830, 'Strongly Agree', 47, 1),
(1831, 'Strongly Agree', 47, 1),
(1832, 'Strongly Agree', 47, 1),
(1833, 'Agree', 47, 1),
(1834, 'Strongly Agree', 47, 1),
(1835, 'Strongly Agree', 47, 1),
(1836, 'Strongly Agree', 47, 1),
(1837, 'Agree', 47, 1),
(1838, 'Strongly Agree', 47, 1),
(1839, 'Strongly Agree', 47, 1),
(1840, 'Strongly Agree', 47, 1),
(1841, 'Agree', 47, 1),
(1842, 'Strongly Agree', 47, 1),
(1843, 'Agree', 47, 1),
(1844, 'Strongly Agree', 47, 1),
(1845, 'Agree', 47, 1),
(1846, 'Strongly Agree', 47, 1),
(1847, 'Strongly Agree', 47, 1),
(1848, 'Agree', 47, 1),
(1849, 'Strongly Agree', 47, 1),
(1850, 'Strongly Agree', 47, 1),
(1851, 'Disagree', 47, 1),
(1852, 'Agree', 47, 1),
(1853, 'Agree', 47, 1),
(1854, 'Agree', 47, 1),
(1855, 'Strongly Agree', 47, 1),
(1856, 'Strongly Agree', 47, 1),
(1857, 'Strongly Agree', 47, 1),
(1858, 'Agree', 47, 1),
(1859, 'Agree', 47, 1),
(1860, 'Strongly Agree', 47, 1),
(1861, 'Strongly Agree', 47, 1),
(1862, 'Agree', 47, 1),
(1863, 'Strongly Agree', 47, 1),
(1864, 'Strongly Agree', 47, 1),
(1865, 'Strongly Agree', 47, 1),
(1866, 'Strongly Agree', 47, 1),
(1867, 'Strongly Agree', 47, 1),
(1868, 'Strongly Agree', 47, 1),
(1869, 'Strongly Agree', 47, 1),
(1870, 'Strongly Agree', 47, 1),
(1871, 'Strongly Agree', 47, 1),
(1872, 'Strongly Agree', 47, 1),
(1873, 'Strongly Agree', 47, 1),
(1874, 'Strongly Agree', 47, 1),
(1875, 'Strongly Agree', 47, 1),
(1876, 'Strongly Agree', 47, 1),
(1877, 'Strongly Agree', 47, 1),
(1878, 'Strongly Agree', 47, 1),
(1879, 'Strongly Agree', 47, 1),
(1880, 'Strongly Disagree', 47, 1),
(1881, 'Strongly Agree', 47, 1),
(1882, 'Lubos na sumasang-ayon', 48, 1),
(1883, 'Agree', 47, 1),
(1884, 'Agree', 47, 1),
(1885, 'Strongly Agree', 47, 1),
(1886, 'Strongly Agree', 47, 1),
(1887, 'Agree', 47, 1),
(1888, 'Agree', 47, 1),
(1889, 'Strongly Agree', 47, 1),
(1890, 'Neutral', 47, 1),
(1891, 'Agree', 47, 1),
(1892, 'Agree', 47, 1),
(1893, 'Strongly Agree', 47, 1),
(1894, 'Strongly Agree', 47, 1),
(1895, 'Strongly Agree', 47, 1),
(1896, 'Strongly Agree', 47, 1),
(1897, 'Strongly Agree', 47, 1),
(1898, 'Strongly Agree', 47, 1),
(1899, 'Strongly Agree', 47, 1),
(1900, 'Strongly Agree', 47, 1),
(1901, 'Strongly Agree', 47, 1),
(1902, 'Strongly Agree', 47, 1),
(1903, 'Strongly Agree', 47, 1),
(1904, 'Agree', 47, 1),
(1905, 'Strongly Agree', 47, 1),
(1906, 'Agree', 47, 1),
(1907, 'Strongly Agree', 47, 1),
(1908, 'Strongly Agree', 47, 1),
(1909, 'Strongly Agree', 47, 1),
(1910, 'Agree', 47, 1),
(1911, 'Strongly Agree', 47, 1),
(1912, 'Strongly Agree', 47, 1),
(1913, 'Strongly Agree', 47, 1),
(1914, 'Agree', 47, 1),
(1915, 'Strongly Agree', 47, 1),
(1916, 'Strongly Agree', 47, 1),
(1917, 'Strongly Agree', 47, 1),
(1918, 'Agree', 47, 1),
(1919, 'Strongly Agree', 47, 1),
(1920, 'Neutral', 47, 1),
(1921, 'Strongly Agree', 47, 1),
(1922, 'Strongly Agree', 47, 1),
(1923, 'Strongly Agree', 47, 1),
(1924, 'Agree', 47, 1),
(1925, 'Strongly Agree', 47, 1),
(1926, 'Strongly Agree', 47, 1),
(1927, 'Strongly Agree', 47, 1),
(1928, 'Strongly Agree', 47, 1),
(1929, 'Agree', 47, 1),
(1930, 'Strongly Agree', 47, 1),
(1931, 'Strongly Agree', 47, 1),
(1932, 'Strongly Agree', 47, 1),
(1933, 'Strongly Agree', 47, 1),
(1934, 'Strongly Agree', 47, 1),
(1935, 'Strongly Agree', 47, 1),
(1936, 'Agree', 47, 1),
(1937, 'Strongly Agree', 47, 1),
(1938, 'Strongly Agree', 47, 1),
(1939, 'Agree', 47, 1),
(1940, 'Strongly Agree', 47, 1),
(1941, 'Neutral', 47, 1),
(1942, 'Strongly Agree', 47, 1),
(1943, 'Strongly Agree', 47, 1),
(1944, 'Agree', 47, 1),
(1945, 'Strongly Agree', 47, 1),
(1946, 'Agree', 47, 1),
(1947, 'Strongly Agree', 47, 1),
(1948, 'Strongly Agree', 47, 1),
(1949, 'Strongly Agree', 47, 1),
(1950, 'Strongly Agree', 47, 1),
(1951, 'Strongly Agree', 47, 1),
(1952, 'Agree', 47, 1),
(1953, 'Strongly Agree', 47, 1),
(1954, 'Strongly Agree', 47, 1),
(1955, 'Strongly Agree', 47, 1),
(1956, 'Strongly Agree', 47, 1),
(1957, 'Strongly Agree', 47, 1),
(1958, 'Strongly Agree', 47, 1),
(1959, 'Strongly Agree', 47, 1),
(1960, 'Strongly Agree', 47, 1),
(1961, 'Strongly Agree', 47, 1),
(1962, 'Strongly Agree', 47, 1),
(1963, 'Strongly Agree', 47, 1),
(1964, 'Strongly Agree', 47, 1),
(1965, 'Agree', 47, 1),
(1966, 'Strongly Agree', 47, 1),
(1967, 'Agree', 47, 1),
(1968, 'Strongly Agree', 47, 1),
(1969, 'Strongly Agree', 47, 1),
(1970, 'Strongly Agree', 47, 1),
(1971, 'Strongly Agree', 47, 1),
(1972, 'Strongly Agree', 47, 1),
(1973, 'Strongly Agree', 47, 1),
(1974, 'Strongly Agree', 47, 1),
(1975, 'Agree', 47, 1),
(1976, 'Strongly Agree', 47, 1),
(1977, 'Strongly Agree', 47, 1),
(1978, 'Strongly Agree', 47, 1),
(1979, 'Strongly Agree', 47, 1),
(1980, 'Neutral', 47, 1),
(1981, 'Strongly Agree', 47, 1),
(1982, 'Strongly Agree', 47, 1),
(1983, 'Strongly Agree', 47, 1),
(1984, 'Strongly Agree', 47, 1),
(1985, 'Strongly Agree', 47, 1),
(1986, 'Strongly Agree', 47, 1),
(1987, 'Strongly Agree', 47, 1),
(1988, 'Strongly Agree', 47, 1),
(1989, 'Strongly Agree', 47, 1),
(1990, 'Agree', 47, 1),
(1991, 'Strongly Agree', 47, 1),
(1992, 'Strongly Agree', 47, 1),
(1993, 'Neutral', 47, 1),
(1994, 'Strongly Agree', 47, 1),
(1995, 'Strongly Agree', 47, 1),
(1996, 'Strongly Agree', 47, 1),
(1997, 'Agree', 47, 1),
(1998, 'Strongly Agree', 47, 1),
(1999, 'Strongly Agree', 47, 1),
(2000, 'Agree', 47, 1),
(2001, 'Agree', 47, 1),
(2002, 'Strongly Agree', 47, 1),
(2003, 'Agree', 47, 1),
(2004, 'Agree', 47, 1),
(2005, 'Strongly Agree', 47, 1),
(2006, 'Strongly Agree', 47, 1),
(2007, 'Strongly Agree', 47, 1),
(2008, 'Agree', 47, 1),
(2009, 'Agree', 47, 1),
(2010, 'Strongly Agree', 47, 1),
(2011, 'Strongly Agree', 47, 1),
(2012, 'Agree', 47, 1),
(2013, 'Strongly Agree', 47, 1),
(2014, 'Agree', 47, 1),
(2015, 'Agree', 47, 1),
(2016, 'Strongly Agree', 47, 1),
(2017, 'Strongly Agree', 47, 1),
(2018, 'Agree', 47, 1),
(2019, 'Strongly Agree', 47, 1),
(2020, 'Strongly Agree', 47, 1),
(2021, 'Strongly Agree', 47, 1),
(2022, 'Strongly Agree', 47, 1),
(2023, 'Strongly Agree', 47, 1),
(2024, 'Strongly Agree', 47, 1),
(2025, 'Strongly Agree', 47, 1),
(2026, 'Strongly Agree', 47, 1),
(2027, 'Strongly Agree', 47, 1),
(2028, 'Strongly Agree', 47, 1),
(2029, 'Strongly Agree', 47, 1),
(2030, 'Strongly Agree', 47, 1),
(2031, 'Agree', 47, 1),
(2032, 'Strongly Agree', 47, 1),
(2033, 'Strongly Agree', 47, 1),
(2034, 'Strongly Agree', 47, 1),
(2035, 'Strongly Agree', 47, 1),
(2036, 'Strongly Agree', 47, 1),
(2037, 'Strongly Agree', 47, 1),
(2038, 'Strongly Agree', 47, 1),
(2039, 'Strongly Agree', 47, 1),
(2040, 'Strongly Agree', 47, 1),
(2041, 'Agree', 47, 1),
(2042, 'Agree', 47, 1),
(2043, 'Strongly Agree', 47, 1),
(2044, 'Agree', 47, 1),
(2045, 'Agree', 47, 1),
(2046, 'Agree', 47, 1),
(2047, 'Agree', 47, 1),
(2048, 'Agree', 47, 1),
(2049, 'Strongly Agree', 47, 1),
(2050, 'Agree', 47, 1),
(2051, 'Agree', 47, 1),
(2052, 'Agree', 47, 1),
(2053, 'Agree', 47, 1),
(2054, 'Agree', 47, 1),
(2055, 'Strongly Agree', 47, 1),
(2056, 'Strongly Agree', 47, 1),
(2057, 'Agree', 47, 1),
(2058, 'Strongly Agree', 47, 1),
(2059, 'Agree', 47, 1),
(2060, 'Agree', 47, 1),
(2061, 'Strongly Agree', 47, 1),
(2062, 'Agree', 47, 1),
(2063, 'Strongly Agree', 47, 1),
(2064, 'Agree', 47, 1),
(2065, 'Strongly Agree', 47, 1),
(2066, 'Strongly Agree', 47, 1),
(2067, 'Strongly Agree', 47, 1),
(2068, 'Strongly Agree', 47, 1),
(2069, 'Strongly Agree', 47, 1),
(2070, 'Strongly Agree', 47, 1),
(2071, 'Strongly Agree', 47, 1),
(2072, 'Strongly Agree', 47, 1),
(2073, 'Strongly Agree', 47, 1),
(2074, 'Strongly Agree', 47, 1),
(2075, 'Strongly Agree', 47, 1),
(2076, 'Strongly Agree', 47, 1),
(2077, 'Strongly Agree', 47, 1),
(2078, 'Agree', 47, 1),
(2079, 'Agree', 47, 1),
(2080, 'Agree', 47, 1),
(2081, 'Agree', 47, 1),
(2082, 'Agree', 47, 1),
(2083, 'Strongly Agree', 47, 1),
(2084, 'Strongly Agree', 47, 1),
(2085, 'Agree', 47, 1),
(2086, 'Strongly Agree', 47, 1),
(2087, 'Strongly Agree', 47, 1),
(2088, 'Agree', 47, 1),
(2089, 'Strongly Agree', 47, 1),
(2090, 'Agree', 47, 1),
(2091, 'Strongly Agree', 47, 1),
(2092, 'Strongly Agree', 47, 1),
(2093, 'Strongly Agree', 47, 1),
(2094, 'Strongly Agree', 47, 1),
(2095, 'Agree', 47, 1),
(2096, 'Strongly Agree', 47, 1),
(2097, 'Strongly Agree', 47, 1),
(2098, 'Strongly Agree', 47, 1),
(2099, 'Agree', 47, 1),
(2100, 'Strongly Agree', 47, 1),
(2101, 'Agree', 47, 1),
(2102, 'Neutral', 47, 1),
(2103, 'Strongly Agree', 47, 1),
(2104, 'Strongly Agree', 47, 1),
(2105, 'Strongly Agree', 47, 1),
(2106, 'Strongly Agree', 47, 1),
(2107, 'Strongly Agree', 47, 1),
(2108, 'Agree', 47, 1),
(2109, 'Agree', 47, 1),
(2110, 'Agree', 47, 1),
(2111, 'Agree', 47, 1),
(2112, 'Agree', 47, 1),
(2113, 'Agree', 47, 1),
(2114, 'Agree', 47, 1),
(2115, 'Agree', 47, 1),
(2116, 'Strongly Agree', 47, 1),
(2117, 'Strongly Agree', 47, 1),
(2118, 'Strongly Agree', 47, 1),
(2119, 'Strongly Agree', 47, 1),
(2120, 'Strongly Agree', 47, 1),
(2121, 'Strongly Agree', 47, 1),
(2122, 'Strongly Agree', 47, 1),
(2123, 'Strongly Agree', 47, 1),
(2124, 'Strongly Agree', 47, 1),
(2125, 'Strongly Agree', 47, 1),
(2126, 'Strongly Agree', 47, 1),
(2127, 'Strongly Agree', 47, 1),
(2128, 'Strongly Agree', 47, 1),
(2129, 'Strongly Agree', 47, 1),
(2130, 'Strongly Agree', 47, 1),
(2131, 'Agree', 47, 1),
(2132, 'Strongly Agree', 47, 1),
(2133, 'Agree', 47, 1),
(2134, 'Strongly Agree', 47, 1),
(2135, 'Agree', 47, 1),
(2136, 'Agree', 47, 1),
(2137, 'Strongly Agree', 47, 1),
(2138, 'Agree', 47, 1),
(2139, 'Strongly Agree', 47, 1),
(2140, 'Agree', 47, 1),
(2141, 'Agree', 47, 1),
(2142, 'Strongly Agree', 47, 1),
(2143, 'Agree', 47, 1),
(2144, 'Agree', 47, 1),
(2145, 'Agree', 47, 1),
(2146, 'Agree', 47, 1),
(2147, 'Strongly Agree', 47, 1),
(2148, 'Agree', 47, 1),
(2149, 'Strongly Agree', 47, 1),
(2150, 'Agree', 47, 1),
(2151, 'Agree', 47, 1),
(2152, 'Strongly Agree', 47, 1),
(2153, 'Strongly Agree', 47, 1),
(2154, 'Agree', 47, 1),
(2155, 'Strongly Agree', 47, 1),
(2156, 'Agree', 47, 1),
(2157, 'Agree', 47, 1),
(2158, 'Strongly Agree', 47, 1),
(2159, 'Strongly Agree', 47, 1),
(2160, 'Agree', 47, 1),
(2161, 'Strongly Agree', 47, 1),
(2162, 'Agree', 47, 1),
(2163, 'Agree', 47, 1),
(2164, 'Agree', 47, 1),
(2165, 'Agree', 47, 1),
(2166, 'Strongly Agree', 47, 1),
(2167, 'Strongly Agree', 47, 1),
(2168, 'Strongly Agree', 47, 1),
(2169, 'Strongly Agree', 47, 1),
(2170, 'Strongly Agree', 47, 1),
(2171, 'Strongly Agree', 47, 1),
(2172, 'Strongly Agree', 47, 1),
(2173, 'Strongly Agree', 47, 1),
(2174, 'Strongly Agree', 47, 1),
(2175, 'Strongly Agree', 47, 1),
(2176, 'Strongly Agree', 47, 1),
(2177, 'Strongly Agree', 47, 1),
(2178, 'Agree', 47, 1),
(2179, 'Agree', 47, 1),
(2180, 'Strongly Agree', 47, 1),
(2181, 'Agree', 47, 1),
(2182, 'Strongly Agree', 47, 1),
(2183, 'Agree', 47, 1),
(2184, 'Strongly Agree', 47, 1),
(2185, 'Agree', 47, 1),
(2186, 'Strongly Agree', 47, 1),
(2187, 'Strongly Agree', 47, 1),
(2188, 'Strongly Agree', 47, 1),
(2189, 'Strongly Agree', 47, 1),
(2190, 'Agree', 47, 1),
(2191, 'Strongly Agree', 47, 1),
(2192, 'Strongly Agree', 47, 1),
(2193, 'Strongly Agree', 47, 1),
(2194, 'Strongly Agree', 47, 1),
(2195, 'Strongly Agree', 47, 1),
(2196, 'Strongly Agree', 47, 1),
(2197, 'Strongly Agree', 47, 1),
(2198, 'Neutral', 47, 1),
(2199, 'Agree', 47, 1),
(2200, 'Strongly Agree', 47, 1),
(2201, 'Agree', 47, 1),
(2202, 'Strongly Agree', 47, 1),
(2203, 'Strongly Agree', 47, 1),
(2204, 'Agree', 47, 1),
(2205, 'Strongly Agree', 47, 1),
(2206, 'Agree', 47, 1),
(2207, 'Strongly Agree', 47, 1),
(2208, 'Strongly Agree', 47, 1),
(2209, 'Agree', 47, 1),
(2210, 'Strongly Agree', 47, 1),
(2211, 'Agree', 47, 1),
(2212, 'Strongly Agree', 47, 1),
(2213, 'Agree', 47, 1),
(2214, 'Strongly Agree', 47, 1),
(2215, 'Strongly Agree', 47, 1),
(2216, 'Strongly Agree', 47, 1),
(2217, 'Strongly Agree', 47, 1),
(2218, 'Strongly Agree', 47, 1),
(2219, 'Strongly Agree', 47, 1),
(2220, 'Strongly Agree', 47, 1),
(2221, 'Strongly Agree', 47, 1),
(2222, 'Strongly Agree', 47, 1),
(2223, 'Strongly Agree', 47, 1),
(2224, 'Strongly Agree', 47, 1),
(2225, 'Strongly Agree', 47, 1),
(2226, 'Strongly Agree', 47, 1),
(2227, 'Strongly Agree', 47, 1),
(2228, 'Agree', 47, 1),
(2229, 'Strongly Agree', 47, 1),
(2230, 'Strongly Agree', 47, 1),
(2231, 'Strongly Agree', 47, 1),
(2232, 'Agree', 47, 1),
(2233, 'Strongly Agree', 47, 1),
(2234, 'Strongly Agree', 47, 1),
(2235, 'Agree', 47, 1),
(2236, 'Agree', 47, 1),
(2237, 'Strongly Agree', 47, 1),
(2238, 'Strongly Agree', 47, 1),
(2239, 'Strongly Agree', 47, 1),
(2240, 'Agree', 47, 1),
(2241, 'Agree', 47, 1),
(2242, 'Strongly Agree', 47, 1),
(2243, 'Agree', 47, 1),
(2244, 'Neutral', 47, 1),
(2245, 'Strongly Agree', 47, 1),
(2246, 'Agree', 47, 1),
(2247, 'Strongly Agree', 47, 1),
(2248, 'Strongly Agree', 47, 1),
(2249, 'Agree', 47, 1),
(2250, 'Agree', 47, 1),
(2251, 'Agree', 47, 1),
(2252, 'Agree', 47, 1),
(2253, 'Agree', 47, 1),
(2254, 'Agree', 47, 1),
(2255, 'Strongly Agree', 47, 1),
(2256, 'Agree', 47, 1),
(2257, 'Agree', 47, 1),
(2258, 'Agree', 47, 1),
(2259, 'Strongly Agree', 47, 1),
(2260, 'Strongly Agree', 47, 1),
(2261, 'Strongly Agree', 47, 1),
(2262, 'Strongly Agree', 47, 1),
(2263, 'Strongly Agree', 47, 1),
(2264, 'Strongly Agree', 47, 1),
(2265, 'Agree', 47, 1),
(2266, 'Strongly Agree', 47, 1),
(2267, 'Strongly Agree', 47, 1),
(2268, 'Strongly Agree', 47, 1),
(2269, 'Strongly Agree', 47, 1),
(2270, 'Strongly Agree', 47, 1),
(2271, 'Strongly Agree', 47, 1),
(2272, 'Strongly Agree', 47, 1),
(2273, 'Strongly Agree', 47, 1),
(2274, 'Strongly Agree', 47, 1),
(2275, 'Strongly Agree', 47, 1),
(2276, 'Agree', 47, 1),
(2277, 'Agree', 47, 1),
(2278, 'Strongly Agree', 47, 1),
(2279, 'Strongly Agree', 47, 1),
(2280, 'Agree', 47, 1),
(2281, 'Strongly Agree', 47, 1),
(2282, 'Strongly Agree', 47, 1),
(2283, 'Strongly Agree', 47, 1),
(2284, 'Strongly Agree', 47, 1),
(2285, 'Neutral', 47, 1),
(2286, 'Strongly Agree', 47, 1),
(2287, 'Strongly Agree', 47, 1),
(2288, 'Strongly Agree', 47, 1),
(2289, 'Strongly Agree', 47, 1),
(2290, 'Strongly Agree', 47, 1),
(2291, 'Strongly Agree', 47, 1),
(2292, 'Strongly Agree', 47, 1),
(2293, 'Agree', 47, 1),
(2294, 'Strongly Agree', 47, 1),
(2295, 'Strongly Agree', 47, 1),
(2296, 'Strongly Agree', 47, 1),
(2297, 'Strongly Agree', 47, 1),
(2298, 'Strongly Agree', 47, 1),
(2299, 'Strongly Agree', 47, 1),
(2300, 'Strongly Agree', 47, 1),
(2301, 'Agree', 47, 1),
(2302, 'Agree', 47, 1),
(2303, 'Strongly Agree', 47, 1),
(2304, 'Strongly Agree', 47, 1),
(2305, 'Strongly Agree', 47, 1),
(2306, 'Strongly Agree', 47, 1),
(2307, 'Agree', 47, 1),
(2308, 'Strongly Agree', 47, 1),
(2309, 'Strongly Agree', 47, 1),
(2310, 'Agree', 47, 1),
(2311, 'Strongly Agree', 47, 1),
(2312, 'Strongly Agree', 47, 1),
(2313, 'Agree', 47, 1),
(2314, 'Strongly Agree', 47, 1),
(2315, 'Strongly Agree', 47, 1),
(2316, 'Agree', 47, 1),
(2317, 'Strongly Agree', 47, 1),
(2318, 'Agree', 47, 1),
(2319, 'Agree', 47, 1),
(2320, 'Strongly Agree', 47, 1),
(2321, 'Strongly Agree', 47, 1),
(2322, 'Agree', 47, 1),
(2323, 'Strongly Agree', 47, 1),
(2324, 'Strongly Agree', 47, 1),
(2325, 'Strongly Agree', 47, 1),
(2326, 'Agree', 47, 1),
(2327, 'Strongly Agree', 47, 1),
(2328, 'Strongly Agree', 47, 1),
(2329, 'Strongly Agree', 47, 1),
(2330, 'Neutral', 47, 1),
(2331, 'Strongly Agree', 47, 1),
(2332, 'Agree', 47, 1),
(2333, 'Strongly Agree', 47, 1),
(2334, 'Strongly Agree', 47, 1),
(2335, 'Agree', 47, 1),
(2336, 'Agree', 47, 1),
(2337, 'Strongly Agree', 47, 1),
(2338, 'Neutral', 47, 1),
(2339, 'Agree', 47, 1),
(2340, 'Strongly Agree', 47, 1),
(2341, 'Strongly Agree', 47, 1),
(2342, 'Strongly Agree', 47, 1),
(2343, 'Strongly Agree', 47, 1),
(2344, 'Strongly Agree', 47, 1),
(2345, 'Strongly Agree', 47, 1),
(2346, 'Strongly Agree', 47, 1),
(2347, 'Strongly Agree', 47, 1),
(2348, 'Strongly Agree', 47, 1),
(2349, 'Agree', 47, 1),
(2350, 'Agree', 47, 1),
(2351, 'Strongly Agree', 47, 1),
(2352, 'Agree', 47, 1),
(2353, 'Strongly Agree', 47, 1),
(2354, 'Agree', 47, 1),
(2355, 'Strongly Agree', 47, 1),
(2356, 'Agree', 47, 1),
(2357, 'Strongly Agree', 47, 1),
(2358, 'Agree', 47, 1),
(2359, 'Agree', 47, 1),
(2360, 'Strongly Agree', 47, 1),
(2361, 'Agree', 47, 1),
(2362, 'Strongly Agree', 47, 1),
(2363, 'Agree', 47, 1),
(2364, 'Strongly Agree', 47, 1),
(2365, 'Agree', 47, 1),
(2366, 'Strongly Agree', 47, 1),
(2367, 'Agree', 47, 1),
(2368, 'Strongly Agree', 47, 1),
(2369, 'Strongly Agree', 47, 1),
(2370, 'Strongly Agree', 47, 1),
(2371, 'Strongly Agree', 47, 1),
(2372, 'Strongly Agree', 47, 1),
(2373, 'Strongly Agree', 47, 1),
(2374, 'Strongly Agree', 47, 1),
(2375, 'Strongly Agree', 47, 1),
(2376, 'Strongly Agree', 47, 1),
(2377, 'Strongly Agree', 47, 1),
(2378, 'Strongly Agree', 47, 1),
(2379, 'Strongly Agree', 47, 1),
(2380, 'Agree', 47, 1),
(2381, 'Agree', 47, 1),
(2382, 'Strongly Agree', 47, 1),
(2383, 'Agree', 47, 1),
(2384, 'Strongly Agree', 47, 1),
(2385, 'Agree', 47, 1),
(2386, 'Strongly Agree', 47, 1),
(2387, 'Strongly Agree', 47, 1),
(2388, 'Strongly Agree', 47, 1),
(2389, 'Strongly Agree', 47, 1),
(2390, 'Strongly Agree', 47, 1),
(2391, 'Neutral', 47, 1),
(2392, 'Strongly Agree', 47, 1),
(2393, 'Strongly Agree', 47, 1),
(2394, 'Agree', 47, 1),
(2395, 'Agree', 47, 1),
(2396, 'Strongly Agree', 47, 1),
(2397, 'Agree', 47, 1),
(2398, 'Strongly Agree', 47, 1),
(2399, 'Strongly Agree', 47, 1),
(2400, 'Agree', 47, 1),
(2401, 'Strongly Agree', 47, 1),
(2402, 'Agree', 47, 1),
(2403, 'Agree', 47, 1),
(2404, 'Strongly Agree', 47, 1),
(2405, 'Agree', 47, 1),
(2406, 'Agree', 47, 1),
(2407, 'Agree', 47, 1),
(2408, 'Strongly Agree', 47, 1),
(2409, 'Strongly Agree', 47, 1),
(2410, 'Strongly Agree', 47, 1),
(2411, 'Strongly Agree', 47, 1),
(2412, 'Agree', 47, 1),
(2413, 'Strongly Agree', 47, 1),
(2414, 'Neutral', 47, 1),
(2415, 'Strongly Agree', 47, 1),
(2416, 'Strongly Agree', 47, 1),
(2417, 'Strongly Agree', 47, 1),
(2418, 'Strongly Agree', 47, 1),
(2419, 'Agree', 47, 1),
(2420, 'Strongly Agree', 47, 1),
(2421, 'Agree', 47, 1),
(2422, 'Strongly Agree', 47, 1),
(2423, 'Agree', 47, 1),
(2424, 'Agree', 47, 1),
(2425, 'Strongly Agree', 47, 1),
(2426, 'Agree', 47, 1),
(2427, 'Agree', 47, 1),
(2428, 'Strongly Agree', 47, 1),
(2429, 'Agree', 47, 1),
(2430, 'Agree', 47, 1),
(2431, 'Strongly Agree', 47, 1),
(2432, 'Strongly Agree', 47, 1),
(2433, 'Strongly Agree', 47, 1),
(2434, 'Strongly Agree', 47, 1),
(2435, 'Strongly Agree', 47, 1),
(2436, 'Strongly Agree', 47, 1),
(2437, 'Agree', 47, 1),
(2438, 'Strongly Agree', 47, 1),
(2439, 'Strongly Agree', 47, 1),
(2440, 'Strongly Agree', 47, 1),
(2441, 'Strongly Agree', 47, 1),
(2442, 'Strongly Agree', 47, 1),
(2443, 'Strongly Agree', 47, 1),
(2444, 'Strongly Agree', 47, 1),
(2445, 'Strongly Agree', 47, 1),
(2446, 'Strongly Agree', 47, 1),
(2447, 'Strongly Agree', 47, 1),
(2448, 'Strongly Agree', 47, 1),
(2449, 'Strongly Agree', 47, 1),
(2450, 'Strongly Agree', 47, 1),
(2451, 'Strongly Agree', 47, 1),
(2452, 'Agree', 47, 1),
(2453, 'Agree', 47, 1),
(2454, 'Strongly Agree', 47, 1),
(2455, 'Strongly Agree', 47, 1),
(2456, 'Strongly Agree', 47, 1),
(2457, 'Strongly Agree', 47, 1),
(2458, 'Agree', 47, 1),
(2459, 'Strongly Agree', 47, 1),
(2460, 'Strongly Agree', 47, 1),
(2461, 'Strongly Agree', 47, 1),
(2462, 'Strongly Agree', 47, 1),
(2463, 'Strongly Agree', 47, 1),
(2464, 'Strongly Agree', 47, 1),
(2465, 'Agree', 47, 1),
(2466, 'Agree', 47, 1),
(2467, 'Strongly Agree', 47, 1),
(2468, 'Strongly Agree', 47, 1),
(2469, 'Strongly Agree', 47, 1),
(2470, 'Strongly Agree', 47, 1),
(2471, 'Strongly Agree', 47, 1),
(2472, 'Strongly Agree', 47, 1),
(2473, 'Strongly Agree', 47, 1),
(2474, 'Neutral', 47, 1),
(2475, 'Neutral', 47, 1),
(2476, 'Agree', 47, 1),
(2477, 'Agree', 47, 1),
(2478, 'Strongly Agree', 47, 1),
(2479, 'Strongly Agree', 47, 1),
(2480, 'Agree', 47, 1),
(2481, 'Agree', 47, 1),
(2482, 'Strongly Agree', 47, 1),
(2483, 'Strongly Agree', 47, 1),
(2484, 'Strongly Agree', 47, 1),
(2485, 'Strongly Agree', 47, 1),
(2486, 'Strongly Disagree', 47, 1),
(2487, 'Strongly Agree', 47, 1),
(2488, 'Strongly Agree', 47, 1),
(2489, 'Strongly Agree', 47, 1),
(2490, 'Strongly Agree', 47, 1),
(2491, 'Agree', 47, 1),
(2492, 'Strongly Agree', 47, 1),
(2493, 'Strongly Agree', 47, 1),
(2494, 'Strongly Agree', 47, 1),
(2495, 'Strongly Agree', 47, 1),
(2496, 'Neutral', 47, 1),
(2497, 'Strongly Agree', 47, 1),
(2498, 'Strongly Agree', 47, 1),
(2499, 'Strongly Agree', 47, 1),
(2500, 'Neutral', 47, 1),
(2501, 'Agree', 47, 1),
(2502, 'Strongly Agree', 47, 1),
(2503, 'Strongly Agree', 47, 1),
(2504, 'Strongly Agree', 47, 1),
(2505, 'Strongly Agree', 47, 1),
(2506, 'Strongly Agree', 47, 1),
(2507, 'Strongly Agree', 47, 1),
(2508, 'Strongly Agree', 47, 1),
(2509, 'Strongly Agree', 47, 1),
(2510, 'Strongly Agree', 47, 1),
(2511, 'Strongly Agree', 47, 1),
(2512, 'Strongly Agree', 47, 1),
(2513, 'Strongly Agree', 47, 1),
(2514, 'Strongly Agree', 47, 1),
(2515, 'Strongly Agree', 47, 1),
(2516, 'Strongly Agree', 47, 1),
(2517, 'Strongly Agree', 47, 1),
(2518, 'Strongly Agree', 47, 1),
(2519, 'Strongly Agree', 47, 1),
(2520, 'Strongly Agree', 47, 1),
(2521, 'Strongly Agree', 47, 1),
(2522, 'Agree', 47, 1),
(2523, 'Strongly Agree', 47, 1),
(2524, 'Strongly Agree', 47, 1),
(2525, 'Agree', 47, 1),
(2526, 'Strongly Agree', 47, 1),
(2527, 'Neutral', 47, 1),
(2528, 'Agree', 47, 1),
(2529, 'Strongly Agree', 47, 1),
(2530, 'Strongly Agree', 47, 1),
(2531, 'Strongly Agree', 47, 1),
(2532, 'Strongly Agree', 47, 1),
(2533, 'Agree', 47, 1),
(2534, 'Neutral', 47, 1),
(2535, 'Strongly Agree', 47, 1),
(2536, 'Agree', 47, 1),
(2537, 'Strongly Agree', 47, 1),
(2538, 'Agree', 47, 1),
(2539, 'Agree', 47, 1),
(2540, 'Strongly Agree', 47, 1),
(2541, 'Strongly Agree', 47, 1),
(2542, 'Strongly Agree', 47, 1),
(2543, 'Strongly Agree', 47, 1),
(2544, 'Agree', 47, 1),
(2545, 'Strongly Agree', 47, 1),
(2546, 'Strongly Agree', 47, 1),
(2547, 'Strongly Agree', 47, 1),
(2548, 'Strongly Agree', 47, 1),
(2549, 'Strongly Agree', 47, 1),
(2550, 'Strongly Agree', 47, 1),
(2551, 'Agree', 47, 1),
(2552, 'Agree', 47, 1),
(2553, 'Strongly Agree', 47, 1),
(2554, 'Strongly Agree', 47, 1),
(2555, 'Strongly Agree', 47, 1),
(2556, 'Strongly Agree', 47, 1),
(2557, 'Strongly Agree', 47, 1),
(2558, 'Strongly Agree', 47, 1),
(2559, 'Strongly Agree', 47, 1),
(2560, 'Strongly Agree', 47, 1),
(2561, 'Strongly Agree', 47, 1),
(2562, 'Strongly Agree', 47, 1),
(2563, 'Strongly Agree', 47, 1),
(2564, 'Strongly Agree', 47, 1),
(2565, 'Strongly Agree', 47, 1),
(2566, 'Strongly Agree', 47, 1),
(2567, 'Strongly Agree', 47, 1),
(2568, 'Strongly Agree', 47, 1),
(2569, 'Disagree', 47, 1),
(2570, 'Strongly Agree', 47, 1),
(2571, 'Strongly Agree', 47, 1),
(2572, 'Strongly Agree', 47, 1),
(2573, 'Agree', 47, 1),
(2574, 'Agree', 47, 1),
(2575, 'Strongly Agree', 47, 1),
(2576, 'Strongly Agree', 47, 1),
(2577, 'Agree', 47, 1),
(2578, 'Strongly Agree', 47, 1),
(2579, 'Strongly Agree', 47, 1),
(2580, 'Agree', 47, 1),
(2581, 'Strongly Agree', 47, 1),
(2582, 'Agree', 47, 1),
(2583, 'Agree', 47, 1),
(2584, 'Strongly Agree', 47, 1),
(2585, 'Agree', 47, 1),
(2586, 'Strongly Agree', 47, 1),
(2587, 'Strongly Agree', 47, 1),
(2588, 'Strongly Agree', 47, 1),
(2589, 'Neutral', 47, 1),
(2590, 'Strongly Agree', 47, 1),
(2591, 'Strongly Agree', 47, 1),
(2592, 'Strongly Agree', 47, 1),
(2593, 'Strongly Agree', 47, 1),
(2594, 'Strongly Agree', 47, 1),
(2595, 'Strongly Agree', 47, 1),
(2596, 'Strongly Agree', 47, 1),
(2597, 'Agree', 47, 1),
(2598, 'Strongly Agree', 47, 1),
(2599, 'Strongly Agree', 47, 1),
(2600, 'Strongly Agree', 47, 1),
(2601, 'Strongly Agree', 47, 1),
(2602, 'Strongly Agree', 47, 1),
(2603, 'Strongly Agree', 47, 1),
(2604, 'Strongly Agree', 47, 1),
(2605, 'Strongly Agree', 47, 1),
(2606, 'Strongly Agree', 47, 1),
(2607, 'Strongly Agree', 47, 1),
(2608, 'Strongly Agree', 47, 1),
(2609, 'Strongly Agree', 47, 1),
(2610, 'Agree', 47, 1),
(2611, 'Agree', 47, 1),
(2612, 'Agree', 47, 1),
(2613, 'Agree', 47, 1),
(2614, 'Strongly Agree', 47, 1),
(2615, 'Strongly Agree', 47, 1),
(2616, 'Agree', 47, 1),
(2617, 'Strongly Agree', 47, 1),
(2618, 'Agree', 47, 1),
(2619, 'Strongly Agree', 47, 1),
(2620, 'Agree', 47, 1),
(2621, 'Neutral', 47, 1),
(2622, 'Strongly Agree', 47, 1),
(2623, 'Agree', 47, 1),
(2624, 'Strongly Agree', 47, 1),
(2625, 'Strongly Agree', 47, 1),
(2626, 'Strongly Agree', 47, 1),
(2627, 'Strongly Agree', 47, 1),
(2628, 'Strongly Agree', 47, 1),
(2629, 'Agree', 47, 1),
(2630, 'Strongly Agree', 47, 1),
(2631, 'Strongly Agree', 47, 1),
(2632, 'Neutral', 47, 1),
(2633, 'Strongly Agree', 47, 1),
(2634, 'Strongly Agree', 47, 1),
(2635, 'Strongly Agree', 47, 1),
(2636, 'Strongly Agree', 47, 1),
(2637, 'Strongly Agree', 47, 1),
(2638, 'Strongly Agree', 47, 1),
(2639, 'Strongly Agree', 47, 1),
(2640, 'Strongly Agree', 47, 1),
(2641, 'Strongly Agree', 47, 1),
(2642, 'Strongly Agree', 47, 1),
(2643, 'Strongly Agree', 47, 1),
(2644, 'Agree', 47, 1),
(2645, 'Strongly Agree', 47, 1),
(2646, 'Strongly Agree', 47, 1),
(2647, 'Strongly Agree', 47, 1),
(2648, 'Strongly Agree', 47, 1),
(2649, 'Agree', 47, 1),
(2650, 'Strongly Agree', 47, 1),
(2651, 'Strongly Agree', 47, 1),
(2652, 'Strongly Agree', 47, 1),
(2653, 'Strongly Agree', 47, 1),
(2654, 'Strongly Agree', 47, 1),
(2655, 'Strongly Agree', 47, 1),
(2656, 'Agree', 47, 1),
(2657, 'Agree', 47, 1),
(2658, 'Strongly Agree', 47, 1),
(2659, 'Strongly Agree', 47, 1),
(2660, 'Strongly Agree', 47, 1),
(2661, 'Agree', 47, 1),
(2662, 'Agree', 47, 1),
(2663, 'Strongly Agree', 47, 1),
(2664, 'Strongly Agree', 47, 1),
(2665, 'Strongly Agree', 47, 1),
(2666, 'Agree', 47, 1),
(2667, 'Strongly Agree', 47, 1),
(2668, 'Strongly Agree', 47, 1),
(2669, 'Strongly Agree', 47, 1),
(2670, 'Strongly Agree', 47, 1),
(2671, 'Strongly Agree', 47, 1),
(2672, 'Strongly Agree', 47, 1),
(2673, 'Strongly Agree', 47, 1),
(2674, 'Strongly Agree', 47, 1),
(2675, 'Strongly Agree', 47, 1),
(2676, 'Strongly Agree', 47, 1),
(2677, 'Strongly Agree', 47, 1),
(2678, 'Strongly Agree', 47, 1),
(2679, 'Strongly Agree', 47, 1),
(2680, 'Agree', 47, 1),
(2681, 'Strongly Agree', 47, 1),
(2682, 'Agree', 47, 1),
(2683, 'Strongly Agree', 47, 1),
(2684, 'Strongly Agree', 47, 1),
(2685, 'Agree', 47, 1),
(2686, 'Neutral', 47, 1),
(2687, 'Agree', 47, 1),
(2688, 'Agree', 47, 1),
(2689, 'Agree', 47, 1),
(2690, 'Strongly Agree', 47, 1),
(2691, 'Neutral', 47, 1),
(2692, 'Strongly Agree', 47, 1),
(2693, 'Strongly Agree', 47, 1),
(2694, 'Agree', 47, 1),
(2695, 'Strongly Agree', 47, 1),
(2696, 'Strongly Agree', 47, 1),
(2697, 'Agree', 47, 1),
(2698, 'Strongly Agree', 47, 1),
(2699, 'Strongly Agree', 47, 1),
(2700, 'Agree', 47, 1),
(2701, 'Strongly Agree', 47, 1),
(2702, 'Strongly Agree', 47, 1),
(2703, 'Strongly Agree', 47, 1),
(2704, 'Strongly Agree', 47, 1),
(2705, 'Strongly Agree', 47, 1),
(2706, 'Strongly Agree', 47, 1),
(2707, 'Strongly Agree', 47, 1),
(2708, 'Strongly Agree', 47, 1),
(2709, 'Strongly Agree', 47, 1),
(2710, 'Strongly Agree', 47, 1),
(2711, 'Strongly Agree', 47, 1),
(2712, 'Strongly Agree', 47, 1),
(2713, 'Strongly Agree', 47, 1),
(2714, 'Strongly Agree', 47, 1),
(2715, 'Strongly Agree', 47, 1),
(2716, 'Strongly Agree', 47, 1),
(2717, 'Strongly Agree', 47, 1),
(2718, 'Strongly Agree', 47, 1),
(2719, 'Strongly Agree', 47, 1),
(2720, 'Agree', 47, 1),
(2721, 'Strongly Agree', 47, 1),
(2722, 'Strongly Agree', 47, 1),
(2723, 'Strongly Agree', 47, 1),
(2724, 'Strongly Agree', 47, 1),
(2725, 'Sumasang-ayon', 48, 1),
(2726, 'Strongly Agree', 47, 1),
(2727, 'Strongly Agree', 47, 1),
(2728, 'Strongly Agree', 47, 1),
(2729, 'Strongly Agree', 47, 1),
(2730, 'Strongly Agree', 47, 1),
(2731, 'Agree', 47, 1),
(2732, 'Agree', 47, 1),
(2733, 'Strongly Agree', 47, 1),
(2734, 'Strongly Agree', 47, 1),
(2735, 'Agree', 47, 1),
(2736, 'Strongly Agree', 47, 1),
(2737, 'Strongly Agree', 47, 1),
(2738, 'Agree', 47, 1),
(2739, 'Agree', 47, 1),
(2740, 'Strongly Agree', 47, 1),
(2741, 'Strongly Agree', 47, 1),
(2742, 'Strongly Agree', 47, 1),
(2743, 'Strongly Agree', 47, 1),
(2744, 'Strongly Agree', 47, 1),
(2745, 'Agree', 47, 1),
(2746, 'Strongly Agree', 47, 1),
(2747, 'Strongly Agree', 47, 1),
(2748, 'Strongly Agree', 47, 1),
(2749, 'Strongly Agree', 47, 1),
(2750, 'Strongly Agree', 47, 1),
(2751, 'Agree', 47, 1),
(2752, 'Disagree', 47, 1),
(2753, 'Strongly Agree', 47, 1),
(2754, 'Agree', 47, 1),
(2755, 'Agree', 47, 1),
(2756, 'Agree', 47, 1),
(2757, 'Strongly Agree', 47, 1),
(2758, 'Agree', 47, 1),
(2759, 'Strongly Agree', 47, 1),
(2760, 'Strongly Agree', 47, 1),
(2761, 'Agree', 47, 1),
(2762, 'Strongly Agree', 47, 1),
(2763, 'Strongly Agree', 47, 1),
(2764, 'Strongly Agree', 47, 1),
(2765, 'Agree', 47, 1),
(2766, 'Strongly Agree', 47, 1),
(2767, 'Strongly Agree', 47, 1),
(2768, 'Agree', 47, 1),
(2769, 'Strongly Agree', 47, 1),
(2770, 'Strongly Agree', 47, 1),
(2771, 'Strongly Agree', 47, 1),
(2772, 'Strongly Agree', 47, 1),
(2773, 'Agree', 47, 1),
(2774, 'Strongly Agree', 47, 1),
(2775, 'Strongly Agree', 47, 1),
(2776, 'Strongly Agree', 47, 1),
(2777, 'Strongly Agree', 47, 1),
(2778, 'Strongly Agree', 47, 1),
(2779, 'Strongly Agree', 47, 1),
(2780, 'Agree', 47, 1),
(2781, 'Strongly Agree', 47, 1),
(2782, 'Strongly Agree', 47, 1),
(2783, 'Strongly Agree', 47, 1),
(2784, 'Strongly Agree', 47, 1),
(2785, 'Strongly Agree', 47, 1),
(2786, 'Strongly Agree', 47, 1),
(2787, 'Strongly Agree', 47, 1),
(2788, 'Strongly Agree', 47, 1),
(2789, 'Strongly Agree', 47, 1),
(2790, 'Strongly Agree', 47, 1),
(2791, 'Strongly Agree', 47, 1),
(2792, 'Strongly Agree', 47, 1),
(2793, 'Strongly Agree', 47, 1),
(2794, 'Strongly Agree', 47, 1),
(2795, 'Agree', 47, 1),
(2796, 'Strongly Agree', 47, 1),
(2797, 'Strongly Agree', 47, 1),
(2798, 'Strongly Agree', 47, 1),
(2799, 'Strongly Agree', 47, 1),
(2800, 'Strongly Agree', 47, 1),
(2801, 'Agree', 47, 1),
(2802, 'Agree', 47, 1),
(2803, 'Agree', 47, 1),
(2804, 'Strongly Agree', 47, 1),
(2805, 'Strongly Agree', 47, 1),
(2806, 'Strongly Agree', 47, 1),
(2807, 'Strongly Agree', 47, 1),
(2808, 'Agree', 47, 1),
(2809, 'Strongly Agree', 47, 1),
(2810, 'Strongly Agree', 47, 1),
(2811, 'Agree', 47, 1),
(2812, 'Strongly Agree', 47, 1),
(2813, 'Strongly Agree', 47, 1),
(2814, 'Strongly Agree', 47, 1),
(2815, 'Strongly Agree', 47, 1),
(2816, 'Strongly Agree', 47, 1),
(2817, 'Strongly Agree', 47, 1),
(2818, 'Strongly Agree', 47, 1),
(2819, 'Strongly Agree', 47, 1),
(2820, 'Strongly Agree', 47, 1),
(2821, 'Strongly Agree', 47, 1),
(2822, 'Strongly Agree', 47, 1),
(2823, 'Agree', 47, 1),
(2824, 'Strongly Agree', 47, 1),
(2825, 'Strongly Agree', 47, 1),
(2826, 'Strongly Agree', 47, 1),
(2827, 'Strongly Agree', 47, 1),
(2828, 'Strongly Agree', 47, 1),
(2829, 'Strongly Agree', 47, 1),
(2830, 'Strongly Agree', 47, 1),
(2831, 'Strongly Agree', 47, 1),
(2832, 'Strongly Agree', 47, 1),
(2833, 'Strongly Agree', 47, 1),
(2834, 'Strongly Agree', 47, 1),
(2835, 'Neutral', 47, 1),
(2836, 'Strongly Agree', 47, 1),
(2837, 'Strongly Agree', 47, 1),
(2838, 'Strongly Agree', 47, 1),
(2839, 'Strongly Agree', 47, 1),
(2840, 'Strongly Agree', 47, 1),
(2841, 'Strongly Agree', 47, 1),
(2842, 'Strongly Agree', 47, 1),
(2843, 'Agree', 47, 1),
(2844, 'Strongly Agree', 47, 1),
(2845, 'Strongly Agree', 47, 1),
(2846, 'Strongly Agree', 47, 1),
(2847, 'Strongly Agree', 47, 1),
(2848, 'Strongly Agree', 47, 1),
(2849, 'Strongly Agree', 47, 1),
(2850, 'Strongly Agree', 47, 1),
(2851, 'Strongly Agree', 47, 1),
(2852, 'Strongly Agree', 47, 1),
(2853, 'Strongly Agree', 47, 1),
(2854, 'Agree', 47, 1),
(2855, 'Agree', 47, 1),
(2856, 'Strongly Agree', 47, 1),
(2857, 'Agree', 47, 1),
(2858, 'Agree', 47, 1),
(2859, 'Agree', 47, 1),
(2860, 'Agree', 47, 1),
(2861, 'Neutral', 47, 1),
(2862, 'Agree', 47, 1),
(2863, 'Agree', 47, 1),
(2864, 'Strongly Agree', 47, 1),
(2865, 'Strongly Agree', 47, 1),
(2866, 'Agree', 47, 1),
(2867, 'Strongly Agree', 47, 1),
(2868, 'Strongly Agree', 47, 1),
(2869, 'Strongly Agree', 47, 1),
(2870, 'Strongly Agree', 47, 1),
(2871, 'Agree', 47, 1),
(2872, 'Strongly Agree', 47, 1),
(2873, 'Neutral', 47, 1),
(2874, 'Agree', 47, 1),
(2875, 'Agree', 47, 1),
(2876, 'Strongly Agree', 47, 1),
(2877, 'Strongly Agree', 47, 1),
(2878, 'Agree', 47, 1),
(2879, 'Agree', 47, 1),
(2880, 'Strongly Agree', 47, 1),
(2881, 'Strongly Agree', 47, 1),
(2882, 'Agree', 47, 1),
(2883, 'Agree', 47, 1),
(2884, 'Neutral', 47, 1),
(2885, 'Strongly Agree', 47, 1),
(2886, 'Strongly Agree', 47, 1),
(2887, 'Neutral', 47, 1),
(2888, 'Agree', 47, 1),
(2889, 'Strongly Agree', 47, 1),
(2890, 'Strongly Agree', 47, 1),
(2891, 'Agree', 47, 1),
(2892, 'Strongly Agree', 47, 1),
(2893, 'Agree', 47, 1),
(2894, 'Agree', 47, 1),
(2895, 'Strongly Agree', 47, 1),
(2896, 'Agree', 47, 1),
(2897, 'Strongly Agree', 47, 1),
(2898, 'Agree', 47, 1),
(2899, 'Strongly Agree', 47, 1),
(2900, 'Agree', 47, 1),
(2901, 'Agree', 47, 1),
(2902, 'Agree', 47, 1),
(2903, 'Strongly Agree', 47, 1),
(2904, 'Strongly Agree', 47, 1),
(2905, 'Strongly Agree', 47, 1),
(2906, 'Strongly Agree', 47, 1),
(2907, 'Strongly Agree', 47, 1),
(2908, 'Strongly Agree', 47, 1),
(2909, 'Strongly Agree', 47, 1),
(2910, 'Strongly Agree', 47, 1),
(2911, 'Strongly Agree', 47, 1),
(2912, 'Strongly Agree', 47, 1),
(2913, 'Strongly Agree', 47, 1),
(2914, 'Strongly Agree', 47, 1),
(2915, 'Strongly Agree', 47, 1),
(2916, 'Strongly Agree', 47, 1),
(2917, 'Agree', 47, 1),
(2918, 'Agree', 47, 1),
(2919, 'Strongly Agree', 47, 1),
(2920, 'Strongly Agree', 47, 1),
(2921, 'Strongly Agree', 47, 1),
(2922, 'Strongly Agree', 47, 1),
(2923, 'Strongly Agree', 47, 1),
(2924, 'Strongly Agree', 47, 1),
(2925, 'Strongly Agree', 47, 1),
(2926, 'Strongly Agree', 47, 1),
(2927, 'Strongly Agree', 47, 1),
(2928, 'Agree', 47, 1),
(2929, 'Strongly Agree', 47, 1),
(2930, 'Strongly Agree', 47, 1),
(2931, 'Agree', 47, 1),
(2932, 'Strongly Agree', 47, 1),
(2933, 'Strongly Agree', 47, 1),
(2934, 'Strongly Agree', 47, 1),
(2935, 'Agree', 47, 1),
(2936, 'Strongly Agree', 47, 1),
(2937, 'Strongly Agree', 47, 1),
(2938, 'Strongly Agree', 47, 1),
(2939, 'Strongly Agree', 47, 1),
(2940, 'Strongly Agree', 47, 1),
(2941, 'Agree', 47, 1),
(2942, 'Agree', 47, 1),
(2943, 'Agree', 47, 1),
(2944, 'Agree', 47, 1),
(2945, 'Strongly Agree', 47, 1),
(2946, 'Agree', 47, 1),
(2947, 'Strongly Agree', 47, 1),
(2948, 'Strongly Agree', 47, 1),
(2949, 'Strongly Agree', 47, 1),
(2950, 'Strongly Agree', 47, 1),
(2951, 'Strongly Agree', 47, 1),
(2952, 'Strongly Agree', 47, 1),
(2953, 'Strongly Agree', 47, 1),
(2954, 'Strongly Agree', 47, 1),
(2955, 'Agree', 47, 1),
(2956, 'Strongly Agree', 47, 1),
(2957, 'Agree', 47, 1),
(2958, 'Strongly Agree', 47, 1),
(2959, 'Agree', 47, 1),
(2960, 'Strongly Agree', 47, 1),
(2961, 'Strongly Agree', 47, 1),
(2962, 'Strongly Agree', 47, 1),
(2963, 'Neutral', 47, 1),
(2964, 'Strongly Agree', 47, 1),
(2965, 'Strongly Agree', 47, 1),
(2966, 'Agree', 47, 1),
(2967, 'Strongly Agree', 47, 1),
(2968, 'Strongly Agree', 47, 1),
(2969, 'Strongly Agree', 47, 1),
(2970, 'Strongly Agree', 47, 1),
(2971, 'Agree', 47, 1),
(2972, 'Strongly Agree', 47, 1),
(2973, 'Strongly Agree', 47, 1),
(2974, 'Strongly Agree', 47, 1),
(2975, 'Strongly Agree', 47, 1),
(2976, 'Strongly Agree', 47, 1),
(2977, 'Strongly Agree', 47, 1),
(2978, 'Strongly Agree', 47, 1),
(2979, 'Strongly Agree', 47, 1),
(2980, 'Agree', 47, 1),
(2981, 'Strongly Agree', 47, 1),
(2982, 'Strongly Agree', 47, 1),
(2983, 'Strongly Agree', 47, 1),
(2984, 'Strongly Agree', 47, 1),
(2985, 'Strongly Agree', 47, 1),
(2986, 'Agree', 47, 1),
(2987, 'Strongly Agree', 47, 1),
(2988, 'Strongly Agree', 47, 1),
(2989, 'Strongly Agree', 47, 1),
(2990, 'Strongly Agree', 47, 1),
(2991, 'Agree', 47, 1),
(2992, 'Strongly Agree', 47, 1),
(2993, 'Strongly Agree', 47, 1),
(2994, 'Strongly Agree', 47, 1),
(2995, 'Strongly Agree', 47, 1),
(2996, 'Agree', 47, 1),
(2997, 'Agree', 47, 1),
(2998, 'Strongly Agree', 47, 1),
(2999, 'Strongly Agree', 47, 1),
(3000, 'Strongly Agree', 47, 1),
(3001, 'Agree', 47, 1),
(3002, 'Agree', 47, 1),
(3003, 'Strongly Agree', 47, 1),
(3004, 'Strongly Agree', 47, 1),
(3005, 'Strongly Agree', 47, 1),
(3006, 'Strongly Agree', 47, 1),
(3007, 'Strongly Agree', 47, 1),
(3008, 'Strongly Agree', 47, 1),
(3009, 'Agree', 47, 1),
(3010, 'Agree', 47, 1),
(3011, 'Strongly Disagree', 47, 1),
(3012, 'Strongly Agree', 47, 1),
(3013, 'Strongly Agree', 47, 1),
(3014, 'Strongly Agree', 47, 1),
(3015, 'Strongly Agree', 47, 1),
(3016, 'Strongly Agree', 47, 1),
(3017, 'Strongly Agree', 47, 1),
(3018, 'Neutral', 47, 1),
(3019, 'Strongly Agree', 47, 1),
(3020, 'Strongly Agree', 47, 1),
(3021, 'Agree', 47, 1),
(3022, 'Strongly Agree', 47, 1),
(3023, 'Strongly Agree', 47, 1),
(3024, 'Strongly Agree', 47, 1),
(3025, 'Agree', 47, 1),
(3026, 'Agree', 47, 1),
(3027, 'Strongly Agree', 47, 1),
(3028, 'Agree', 47, 1),
(3029, 'Strongly Agree', 47, 1),
(3030, 'Strongly Agree', 47, 1),
(3031, 'Agree', 47, 1),
(3032, 'Strongly Agree', 47, 1),
(3033, 'Strongly Agree', 47, 1),
(3034, 'Strongly Agree', 47, 1),
(3035, 'Strongly Agree', 47, 1),
(3036, 'Agree', 47, 1),
(3037, 'Agree', 47, 1),
(3038, 'Agree', 47, 1),
(3039, 'Strongly Agree', 47, 1),
(3040, 'Agree', 47, 1),
(3041, 'Sumasang-ayon', 48, 1),
(3042, 'Agree', 47, 1),
(3043, 'Agree', 47, 1),
(3044, 'Agree', 47, 1),
(3045, 'Agree', 47, 1),
(3046, 'Agree', 47, 1),
(3047, 'Lubos na sumasang-ayon', 48, 1),
(3048, 'Strongly Agree', 47, 1),
(3049, 'Strongly Agree', 47, 1),
(3050, 'Strongly Agree', 47, 1),
(3051, 'Strongly Agree', 47, 1),
(3052, 'Agree', 47, 1),
(3053, 'Strongly Agree', 47, 1),
(3054, 'Agree', 47, 1),
(3055, 'Agree', 47, 1),
(3056, 'Agree', 47, 1),
(3057, 'Strongly Agree', 47, 1),
(3058, 'Agree', 47, 1),
(3059, 'Strongly Agree', 47, 1),
(3060, 'Agree', 47, 1),
(3061, 'Agree', 47, 1),
(3062, 'Agree', 47, 1),
(3063, 'Agree', 47, 1),
(3064, 'Strongly Agree', 47, 1),
(3065, 'Strongly Agree', 47, 1),
(3066, 'Strongly Agree', 47, 1),
(3067, 'Agree', 47, 1),
(3068, 'Strongly Agree', 47, 1),
(3069, 'Strongly Agree', 47, 1),
(3070, 'Strongly Agree', 47, 1),
(3071, 'Strongly Agree', 47, 1),
(3072, 'Agree', 47, 1),
(3073, 'Agree', 47, 1),
(3074, 'Strongly Agree', 47, 1),
(3075, 'Strongly Agree', 47, 1),
(3076, 'Strongly Agree', 47, 1),
(3077, 'Agree', 47, 1),
(3078, 'Strongly Agree', 47, 1),
(3079, 'Strongly Agree', 47, 1),
(3080, 'Strongly Agree', 47, 1),
(3081, 'Neutral', 47, 1),
(3082, 'Strongly Agree', 47, 1),
(3083, 'Agree', 47, 1),
(3084, 'Strongly Agree', 47, 1),
(3085, 'Agree', 47, 1),
(3086, 'Strongly Agree', 47, 1),
(3087, 'Strongly Agree', 47, 1),
(3088, 'Strongly Agree', 47, 1),
(3089, 'Strongly Agree', 47, 1),
(3090, 'Strongly Agree', 47, 1),
(3091, 'Strongly Agree', 47, 1),
(3092, 'Agree', 47, 1),
(3093, 'Strongly Agree', 47, 1),
(3094, 'Agree', 47, 1),
(3095, 'Agree', 47, 1),
(3096, 'Strongly Agree', 47, 1),
(3097, 'Strongly Agree', 47, 1),
(3098, 'Agree', 47, 1),
(3099, 'Strongly Agree', 47, 1),
(3100, 'Agree', 47, 1),
(3101, 'Agree', 47, 1),
(3102, 'Strongly Agree', 47, 1),
(3103, 'Strongly Agree', 47, 1),
(3104, 'Strongly Agree', 47, 1),
(3105, 'Agree', 47, 1),
(3106, 'Strongly Agree', 47, 1),
(3107, 'Strongly Agree', 47, 1),
(3108, 'Strongly Agree', 47, 1),
(3109, 'Strongly Agree', 47, 1),
(3110, 'Agree', 47, 1),
(3111, 'Strongly Agree', 47, 1),
(3112, 'Strongly Agree', 47, 1),
(3113, 'Strongly Agree', 47, 1),
(3114, 'Agree', 47, 1),
(3115, 'Strongly Agree', 47, 1),
(3116, 'Agree', 47, 1),
(3117, 'Strongly Agree', 47, 1),
(3118, 'Strongly Agree', 47, 1),
(3119, 'Agree', 47, 1),
(3120, 'Agree', 47, 1),
(3121, 'Agree', 47, 1),
(3122, 'Strongly Agree', 47, 1),
(3123, 'Agree', 47, 1),
(3124, 'Strongly Agree', 47, 1),
(3125, 'Agree', 47, 1),
(3126, 'Agree', 47, 1),
(3127, 'Strongly Agree', 47, 1),
(3128, 'Strongly Agree', 47, 1),
(3129, 'Agree', 47, 1),
(3130, 'Strongly Agree', 47, 1),
(3131, 'Agree', 47, 1),
(3132, 'Agree', 47, 1),
(3133, 'Strongly Agree', 47, 1),
(3134, 'Strongly Agree', 47, 1),
(3135, 'Strongly Agree', 47, 1),
(3136, 'Strongly Agree', 47, 1),
(3137, 'Strongly Agree', 47, 1),
(3138, 'Strongly Agree', 47, 1),
(3139, 'Strongly Agree', 47, 1),
(3140, 'Agree', 47, 1),
(3141, 'Agree', 47, 1),
(3142, 'Strongly Agree', 47, 1),
(3143, 'Agree', 47, 1),
(3144, 'Agree', 47, 1),
(3145, 'Agree', 47, 1),
(3146, 'Agree', 47, 1),
(3147, 'Strongly Agree', 47, 1),
(3148, 'Agree', 47, 1),
(3149, 'Strongly Agree', 47, 1),
(3150, 'Strongly Agree', 47, 1),
(3151, 'Strongly Agree', 47, 1),
(3152, 'Strongly Agree', 47, 1),
(3153, 'Strongly Agree', 47, 1),
(3154, 'Strongly Agree', 47, 1),
(3155, 'Strongly Agree', 47, 1),
(3156, 'Agree', 47, 1),
(3157, 'Strongly Agree', 47, 1),
(3158, 'Strongly Agree', 47, 1),
(3159, 'Agree', 47, 1),
(3160, 'Strongly Agree', 47, 1),
(3161, 'Agree', 47, 1),
(3162, 'Agree', 47, 1),
(3163, 'Strongly Agree', 47, 1),
(3164, 'Agree', 47, 1),
(3165, 'Strongly Agree', 47, 1),
(3166, 'Strongly Agree', 47, 1),
(3167, 'Strongly Agree', 47, 1),
(3168, 'Strongly Agree', 47, 1),
(3169, 'Strongly Agree', 47, 1),
(3170, 'Strongly Agree', 47, 1),
(3171, 'Strongly Disagree', 47, 1),
(3172, 'Agree', 47, 1),
(3173, 'Strongly Agree', 47, 1),
(3174, 'Agree', 47, 1),
(3175, 'Strongly Agree', 47, 1),
(3176, 'Agree', 47, 1),
(3177, 'Agree', 47, 1),
(3178, 'Agree', 47, 1),
(3179, 'Agree', 47, 1),
(3180, 'Strongly Agree', 47, 1),
(3181, 'Agree', 47, 1),
(3182, 'Strongly Agree', 47, 1),
(3183, 'Agree', 47, 1),
(3184, 'Agree', 47, 1),
(3185, 'Strongly Agree', 47, 1),
(3186, 'Strongly Agree', 47, 1),
(3187, 'Strongly Agree', 47, 1),
(3188, 'Agree', 47, 1),
(3189, 'Strongly Agree', 47, 1),
(3190, 'Agree', 47, 1),
(3191, 'Strongly Agree', 47, 1),
(3192, 'Agree', 47, 1),
(3193, 'Agree', 47, 1),
(3194, 'Agree', 47, 1),
(3195, 'Strongly Agree', 47, 1),
(3196, 'Strongly Agree', 47, 1),
(3197, 'Strongly Agree', 47, 1),
(3198, 'Agree', 47, 1),
(3199, 'Strongly Agree', 47, 1),
(3200, 'Agree', 47, 1),
(3201, 'Strongly Agree', 47, 1),
(3202, 'Strongly Agree', 47, 1),
(3203, 'Strongly Agree', 47, 1),
(3204, 'Strongly Agree', 47, 1),
(3205, 'Strongly Agree', 47, 1),
(3206, 'Strongly Agree', 47, 1),
(3207, 'Strongly Agree', 47, 1),
(3208, 'Strongly Agree', 47, 1),
(3209, 'Strongly Agree', 47, 1),
(3210, 'Strongly Agree', 47, 1),
(3211, 'Strongly Agree', 47, 1),
(3212, 'Strongly Agree', 47, 1),
(3213, 'Agree', 47, 1),
(3214, 'Agree', 47, 1),
(3215, 'Strongly Agree', 47, 1),
(3216, 'Agree', 47, 1),
(3217, 'Agree', 47, 1),
(3218, 'Strongly Agree', 47, 1),
(3219, 'Strongly Agree', 47, 1),
(3220, 'Strongly Agree', 47, 1),
(3221, 'Strongly Agree', 47, 1),
(3222, 'Agree', 47, 1),
(3223, 'Agree', 47, 1),
(3224, 'Agree', 47, 1),
(3225, 'Agree', 47, 1),
(3226, 'Strongly Agree', 47, 1),
(3227, 'Strongly Agree', 47, 1),
(3228, 'Strongly Agree', 47, 1),
(3229, 'Agree', 47, 1),
(3230, 'Strongly Agree', 47, 1),
(3231, 'Strongly Agree', 47, 1),
(3232, 'Strongly Agree', 47, 1),
(3233, 'Strongly Agree', 47, 1),
(3234, 'Agree', 47, 1),
(3235, 'Strongly Agree', 47, 1),
(3236, 'Strongly Agree', 47, 1),
(3237, 'Strongly Agree', 47, 1),
(3238, 'Strongly Agree', 47, 1),
(3239, 'Strongly Agree', 47, 1),
(3240, 'Strongly Agree', 47, 1),
(3241, 'Strongly Agree', 47, 1),
(3242, 'Agree', 47, 1),
(3243, 'Strongly Agree', 47, 1),
(3244, 'Strongly Agree', 47, 1),
(3245, 'Strongly Agree', 47, 1),
(3246, 'Agree', 47, 1),
(3247, 'Neutral', 47, 1),
(3248, 'Agree', 47, 1),
(3249, 'Strongly Agree', 47, 1),
(3250, 'Agree', 47, 1),
(3251, 'Strongly Agree', 47, 1),
(3252, 'Strongly Agree', 47, 1),
(3253, 'Strongly Agree', 47, 1),
(3254, 'Strongly Agree', 47, 1),
(3255, 'Strongly Agree', 47, 1),
(3256, 'Agree', 47, 1),
(3257, 'Strongly Agree', 47, 1),
(3258, 'Strongly Agree', 47, 1),
(3259, 'Strongly Agree', 47, 1),
(3260, 'Strongly Agree', 47, 1),
(3261, 'Strongly Agree', 47, 1),
(3262, 'Strongly Agree', 47, 1),
(3263, 'Strongly Agree', 47, 1),
(3264, 'Strongly Agree', 47, 1),
(3265, 'Strongly Agree', 47, 1),
(3266, 'Strongly Agree', 47, 1),
(3267, 'Strongly Agree', 47, 1),
(3268, 'Strongly Agree', 47, 1),
(3269, 'Strongly Agree', 47, 1),
(3270, 'Strongly Agree', 47, 1),
(3271, 'Agree', 47, 1),
(3272, 'Agree', 47, 1),
(3273, 'Strongly Agree', 47, 1),
(3274, 'Agree', 47, 1),
(3275, 'Strongly Agree', 47, 1),
(3276, 'Strongly Agree', 47, 1),
(3277, 'Strongly Agree', 47, 1),
(3278, 'Strongly Agree', 47, 1),
(3279, 'Strongly Agree', 47, 1),
(3280, 'Strongly Agree', 47, 1),
(3281, 'Strongly Agree', 47, 1),
(3282, 'Strongly Agree', 47, 1),
(3283, 'Agree', 47, 1),
(3284, 'Strongly Agree', 47, 1),
(3285, 'Strongly Agree', 47, 1),
(3286, 'Strongly Agree', 47, 1),
(3287, 'Strongly Agree', 47, 1),
(3288, 'Strongly Agree', 47, 1),
(3289, 'Strongly Agree', 47, 1),
(3290, 'Strongly Agree', 47, 1),
(3291, 'Strongly Agree', 47, 1),
(3292, 'Strongly Agree', 47, 1),
(3293, 'Strongly Agree', 47, 1),
(3294, 'Strongly Agree', 47, 1),
(3295, 'Strongly Agree', 47, 1),
(3296, 'Strongly Agree', 47, 1),
(3297, 'Strongly Agree', 47, 1),
(3298, 'Strongly Agree', 47, 1),
(3299, 'Strongly Agree', 47, 1),
(3300, 'Strongly Agree', 47, 1),
(3301, 'Strongly Agree', 47, 1),
(3302, 'Strongly Agree', 47, 1),
(3303, 'Neutral', 47, 1),
(3304, 'Strongly Agree', 47, 1),
(3305, 'Strongly Disagree', 47, 1),
(3306, 'Agree', 47, 1),
(3307, 'Strongly Agree', 47, 1),
(3308, 'Agree', 47, 1),
(3309, 'Agree', 47, 1),
(3310, 'Strongly Agree', 47, 1),
(3311, 'Agree', 47, 1),
(3312, 'Strongly Agree', 47, 1),
(3313, 'Agree', 47, 1),
(3314, 'Strongly Agree', 47, 1),
(3315, 'Strongly Agree', 47, 1),
(3316, 'Strongly Agree', 47, 1),
(3317, 'Agree', 47, 1),
(3318, 'Strongly Agree', 47, 1),
(3319, 'Strongly Agree', 47, 1),
(3320, 'Strongly Agree', 47, 1),
(3321, 'Strongly Agree', 47, 1),
(3322, 'Strongly Agree', 47, 1),
(3323, 'Strongly Agree', 47, 1),
(3324, 'Agree', 47, 1),
(3325, 'Strongly Agree', 47, 1),
(3326, 'Strongly Agree', 47, 1),
(3327, 'Strongly Agree', 47, 1),
(3328, 'Agree', 47, 1),
(3329, 'Strongly Agree', 47, 1),
(3330, 'Strongly Agree', 47, 1),
(3331, 'Strongly Agree', 47, 1),
(3332, 'Strongly Agree', 47, 1),
(3333, 'Strongly Agree', 47, 1),
(3334, 'Agree', 47, 1),
(3335, 'Agree', 47, 1),
(3336, 'Agree', 47, 1),
(3337, 'Strongly Disagree', 47, 1),
(3338, 'Neutral', 47, 1),
(3339, 'Neutral', 47, 1),
(3340, 'Agree', 47, 1),
(3341, 'Strongly Agree', 47, 1),
(3342, 'Strongly Agree', 47, 1),
(3343, 'Agree', 47, 1),
(3344, 'Strongly Agree', 47, 1),
(3345, 'Strongly Agree', 47, 1),
(3346, 'Strongly Agree', 47, 1),
(3347, 'Strongly Agree', 47, 1),
(3348, 'Strongly Agree', 47, 1),
(3349, 'Strongly Agree', 47, 1),
(3350, 'Disagree', 47, 1),
(3351, 'Strongly Agree', 47, 1),
(3352, 'Agree', 47, 1),
(3353, 'Strongly Agree', 47, 1),
(3354, 'Strongly Agree', 47, 1),
(3355, 'Strongly Agree', 47, 1),
(3356, 'Strongly Agree', 47, 1),
(3357, 'Strongly Agree', 47, 1),
(3358, 'Agree', 47, 1),
(3359, 'Strongly Agree', 47, 1),
(3360, 'Strongly Agree', 47, 1),
(3361, 'Strongly Agree', 47, 1),
(3362, 'Strongly Agree', 47, 1),
(3363, 'Agree', 47, 1),
(3364, 'Strongly Agree', 47, 1),
(3365, 'Agree', 47, 1),
(3366, 'Agree', 47, 1),
(3367, 'Strongly Agree', 47, 1),
(3368, 'Strongly Agree', 47, 1),
(3369, 'Strongly Agree', 47, 1),
(3370, 'Strongly Agree', 47, 1),
(3371, 'Strongly Agree', 47, 1),
(3372, 'Strongly Agree', 47, 1),
(3373, 'Strongly Agree', 47, 1),
(3374, 'Strongly Agree', 47, 1),
(3375, 'Strongly Agree', 47, 1),
(3376, 'Strongly Agree', 47, 1),
(3377, 'Lubos na sumasang-ayon', 48, 1),
(3378, 'Strongly Agree', 47, 1),
(3379, 'Strongly Agree', 47, 1),
(3380, 'Strongly Agree', 47, 1),
(3381, 'Agree', 47, 1),
(3382, 'Agree', 47, 1),
(3383, 'Strongly Agree', 47, 1),
(3384, 'Strongly Agree', 47, 1),
(3385, 'Strongly Agree', 47, 1),
(3386, 'Strongly Agree', 47, 1),
(3387, 'Strongly Agree', 47, 1),
(3388, 'Strongly Agree', 47, 1),
(3389, 'Agree', 47, 1),
(3390, 'Agree', 47, 1),
(3391, 'Strongly Agree', 47, 1),
(3392, 'Neutral', 47, 1),
(3393, 'Strongly Agree', 47, 1),
(3394, 'Strongly Agree', 47, 1),
(3395, 'Strongly Agree', 47, 1),
(3396, 'Strongly Agree', 47, 1),
(3397, 'Strongly Agree', 47, 1),
(3398, 'Strongly Agree', 47, 1),
(3399, 'Strongly Agree', 47, 1),
(3400, 'Strongly Agree', 47, 1),
(3401, 'Strongly Agree', 47, 1),
(3402, 'Neutral', 47, 1),
(3403, 'Strongly Agree', 47, 1),
(3404, 'Strongly Agree', 47, 1),
(3405, 'Strongly Agree', 47, 1),
(3406, 'Strongly Agree', 47, 1),
(3407, 'Strongly Agree', 47, 1),
(3408, 'Strongly Agree', 47, 1),
(3409, 'Strongly Agree', 47, 1),
(3410, 'Agree', 47, 1),
(3411, 'Agree', 47, 1),
(3412, 'Strongly Agree', 47, 1),
(3413, 'Strongly Agree', 47, 1),
(3414, 'Strongly Agree', 47, 1),
(3415, 'Agree', 47, 1),
(3416, 'Strongly Agree', 47, 1),
(3417, 'Strongly Agree', 47, 1),
(3418, 'Agree', 47, 1),
(3419, 'Strongly Agree', 47, 1),
(3420, 'Strongly Agree', 47, 1),
(3421, 'Strongly Agree', 47, 1),
(3422, 'Strongly Agree', 47, 1),
(3423, 'Strongly Agree', 47, 1),
(3424, 'Agree', 47, 1),
(3425, 'Agree', 47, 1),
(3426, 'Strongly Agree', 47, 1),
(3427, 'Agree', 47, 1),
(3428, 'Agree', 47, 1),
(3429, 'Strongly Agree', 47, 1),
(3430, 'Agree', 47, 1),
(3431, 'Agree', 47, 1),
(3432, 'Strongly Agree', 47, 1),
(3433, 'Strongly Agree', 47, 1),
(3434, 'Strongly Agree', 47, 1),
(3435, 'Agree', 47, 1),
(3436, 'Strongly Agree', 47, 1),
(3437, 'Strongly Agree', 47, 1),
(3438, 'Agree', 47, 1),
(3439, 'Agree', 47, 1),
(3440, 'Agree', 47, 1),
(3441, 'Strongly Agree', 47, 1),
(3442, 'Strongly Agree', 47, 1),
(3443, 'Strongly Agree', 47, 1),
(3444, 'Strongly Agree', 47, 1),
(3445, 'Strongly Agree', 47, 1),
(3446, 'Strongly Agree', 47, 1),
(3447, 'Strongly Agree', 47, 1),
(3448, 'Strongly Agree', 47, 1),
(3449, 'Agree', 47, 1),
(3450, 'Agree', 47, 1),
(3451, 'Strongly Agree', 47, 1),
(3452, 'Agree', 47, 1),
(3453, 'Strongly Agree', 47, 1),
(3454, 'Strongly Agree', 47, 1),
(3455, 'Strongly Agree', 47, 1),
(3456, 'Strongly Agree', 47, 1),
(3457, 'Agree', 47, 1),
(3458, 'Agree', 47, 1),
(3459, 'Agree', 47, 1),
(3460, 'Strongly Agree', 47, 1),
(3461, 'Strongly Agree', 47, 1),
(3462, 'Strongly Agree', 47, 1),
(3463, 'Strongly Agree', 47, 1),
(3464, 'Strongly Agree', 47, 1),
(3465, 'Agree', 47, 1),
(3466, 'Strongly Agree', 47, 1),
(3467, 'Agree', 47, 1),
(3468, 'Agree', 47, 1),
(3469, 'Strongly Agree', 47, 1),
(3470, 'Strongly Agree', 47, 1),
(3471, 'Strongly Agree', 47, 1),
(3472, 'Strongly Agree', 47, 1),
(3473, 'Strongly Agree', 47, 1),
(3474, 'Strongly Agree', 47, 1),
(3475, 'Agree', 47, 1),
(3476, 'Agree', 47, 1),
(3477, 'Strongly Agree', 47, 1),
(3478, 'Strongly Agree', 47, 1),
(3479, 'Agree', 47, 1),
(3480, 'Agree', 47, 1),
(3481, 'Strongly Agree', 47, 1),
(3482, 'Strongly Agree', 47, 1),
(3483, 'Strongly Agree', 47, 1),
(3484, 'Agree', 47, 1),
(3485, 'Agree', 47, 1),
(3486, 'Agree', 47, 1),
(3487, 'Strongly Agree', 47, 1),
(3488, 'Agree', 47, 1),
(3489, 'Strongly Agree', 47, 1),
(3490, 'Agree', 47, 1),
(3491, 'Strongly Agree', 47, 1),
(3492, 'Strongly Agree', 47, 1),
(3493, 'Agree', 47, 1),
(3494, 'Strongly Agree', 47, 1),
(3495, 'Strongly Agree', 47, 1),
(3496, 'Strongly Agree', 47, 1),
(3497, 'Strongly Agree', 47, 1),
(3498, 'Strongly Agree', 47, 1),
(3499, 'Strongly Agree', 47, 1),
(3500, 'Agree', 47, 1),
(3501, 'Agree', 47, 1),
(3502, 'Agree', 47, 1),
(3503, 'Strongly Agree', 47, 1),
(3504, 'Strongly Agree', 47, 1),
(3505, 'Strongly Agree', 47, 1),
(3506, 'Agree', 47, 1),
(3507, 'Strongly Agree', 47, 1),
(3508, 'Strongly Agree', 47, 1),
(3509, 'Agree', 47, 1),
(3510, 'Strongly Agree', 47, 1),
(3511, 'Strongly Agree', 47, 1),
(3512, 'Strongly Agree', 47, 1),
(3513, 'Strongly Agree', 47, 1),
(3514, 'Strongly Agree', 47, 1),
(3515, 'Strongly Agree', 47, 1),
(3516, 'Strongly Agree', 47, 1),
(3517, 'Strongly Agree', 47, 1),
(3518, 'Strongly Agree', 47, 1),
(3519, 'Agree', 47, 1),
(3520, 'Agree', 47, 1),
(3521, 'Agree', 47, 1),
(3522, 'Strongly Agree', 47, 1),
(3523, 'Strongly Agree', 47, 1),
(3524, 'Strongly Agree', 47, 1),
(3525, 'Strongly Agree', 47, 1),
(3526, 'Strongly Agree', 47, 1),
(3527, 'Strongly Agree', 47, 1),
(3528, 'Strongly Agree', 47, 1),
(3529, 'Agree', 47, 1),
(3530, 'Agree', 47, 1),
(3531, 'Agree', 47, 1),
(3532, 'Agree', 47, 1),
(3533, 'Agree', 47, 1),
(3534, 'Sumasang-ayon', 48, 1),
(3535, 'Strongly Agree', 47, 1),
(3536, 'Agree', 47, 1),
(3537, 'Agree', 47, 1),
(3538, 'Strongly Agree', 47, 1),
(3539, 'Strongly Agree', 47, 1),
(3540, 'Neutral', 47, 1),
(3541, 'Agree', 47, 1),
(3542, 'Agree', 47, 1),
(3543, 'Strongly Agree', 47, 1),
(3544, 'Strongly Agree', 47, 1),
(3545, 'Agree', 47, 1),
(3546, 'Strongly Agree', 47, 1),
(3547, 'Strongly Agree', 47, 1),
(3548, 'Agree', 47, 1),
(3549, 'Agree', 47, 1);
INSERT INTO `responses` (`id`, `response`, `question_id`, `respondent_id`) VALUES
(3550, 'Strongly Agree', 47, 1),
(3551, 'Strongly Agree', 47, 1),
(3552, 'Agree', 47, 1),
(3553, 'Strongly Agree', 47, 1),
(3554, 'Agree', 47, 1),
(3555, 'Agree', 47, 1),
(3556, 'Strongly Agree', 47, 1),
(3557, 'Strongly Agree', 47, 1),
(3558, 'Strongly Agree', 47, 1),
(3559, 'Agree', 47, 1),
(3560, 'Strongly Agree', 47, 1),
(3561, 'Strongly Agree', 47, 1),
(3562, 'Agree', 47, 1),
(3563, 'Agree', 47, 1),
(3564, 'Strongly Agree', 47, 1),
(3565, 'Strongly Agree', 47, 1),
(3566, 'Strongly Agree', 47, 1),
(3567, 'Strongly Agree', 47, 1),
(3568, 'Strongly Agree', 47, 1),
(3569, 'Strongly Agree', 47, 1),
(3570, 'Agree', 47, 1),
(3571, 'Strongly Agree', 47, 1),
(3572, 'Agree', 47, 1),
(3573, 'Strongly Agree', 47, 1),
(3574, 'Strongly Agree', 47, 1),
(3575, 'Disagree', 47, 1),
(3576, 'Strongly Agree', 47, 1),
(3577, 'Strongly Agree', 47, 1),
(3578, 'Strongly Agree', 47, 1),
(3579, 'Strongly Agree', 47, 1),
(3580, 'Strongly Agree', 47, 1),
(3581, 'Strongly Agree', 47, 1),
(3582, 'Strongly Agree', 47, 1),
(3583, 'Strongly Agree', 47, 1),
(3584, 'Strongly Agree', 47, 1),
(3585, 'Strongly Agree', 47, 1),
(3586, 'Strongly Agree', 47, 1),
(3587, 'Strongly Agree', 47, 1),
(3588, 'Agree', 47, 1),
(3589, 'Strongly Agree', 47, 1),
(3590, 'Strongly Agree', 47, 1),
(3591, 'Strongly Agree', 47, 1),
(3592, 'Agree', 47, 1),
(3593, 'Strongly Agree', 47, 1),
(3594, 'Strongly Agree', 47, 1),
(3595, 'Strongly Agree', 47, 1),
(3596, 'Agree', 47, 1),
(3597, 'Strongly Agree', 47, 1),
(3598, 'Agree', 47, 1),
(3599, 'Strongly Agree', 47, 1),
(3600, 'Strongly Agree', 47, 1),
(3601, 'Strongly Agree', 47, 1),
(3602, 'Strongly Agree', 47, 1),
(3603, 'Strongly Agree', 47, 1),
(3604, 'Strongly Agree', 47, 1),
(3605, 'Agree', 47, 1),
(3606, 'Strongly Agree', 47, 1),
(3607, 'Strongly Agree', 47, 1),
(3608, 'Strongly Agree', 47, 1),
(3609, 'Strongly Agree', 47, 1),
(3610, 'Strongly Agree', 47, 1),
(3611, 'Strongly Agree', 47, 1),
(3612, 'Strongly Agree', 47, 1),
(3613, 'Agree', 47, 1),
(3614, 'Agree', 47, 1),
(3615, 'Strongly Agree', 47, 1),
(3616, 'Agree', 47, 1),
(3617, 'Strongly Agree', 47, 1),
(3618, 'Strongly Agree', 47, 1),
(3619, 'Strongly Agree', 47, 1),
(3620, 'Strongly Agree', 47, 1),
(3621, 'Agree', 47, 1),
(3622, 'Strongly Agree', 47, 1),
(3623, 'Strongly Agree', 47, 1),
(3624, 'Strongly Agree', 47, 1),
(3625, 'Agree', 47, 1),
(3626, 'Strongly Agree', 47, 1),
(3627, 'Strongly Agree', 47, 1),
(3628, 'Agree', 47, 1),
(3629, 'Agree', 47, 1),
(3630, 'Agree', 47, 1),
(3631, 'Agree', 47, 1),
(3632, 'Strongly Agree', 47, 1),
(3633, 'Strongly Agree', 47, 1),
(3634, 'Strongly Agree', 47, 1),
(3635, 'Strongly Agree', 47, 1),
(3636, 'Agree', 47, 1),
(3637, 'Agree', 47, 1),
(3638, 'Strongly Agree', 47, 1),
(3639, 'Agree', 47, 1),
(3640, 'Agree', 47, 1),
(3641, 'Strongly Agree', 47, 1),
(3642, 'Strongly Agree', 47, 1),
(3643, 'Strongly Agree', 47, 1),
(3644, 'Agree', 47, 1),
(3645, 'Agree', 47, 1),
(3646, 'Agree', 47, 1),
(3647, 'Agree', 47, 1),
(3648, 'Strongly Agree', 47, 1),
(3649, 'Agree', 47, 1),
(3650, 'Neutral', 47, 1),
(3651, 'Neutral', 47, 1),
(3652, 'Strongly Agree', 47, 1),
(3653, 'Lubos na sumasang-ayon', 48, 1),
(3654, 'Strongly Agree', 47, 1),
(3655, 'Strongly Agree', 47, 1),
(3656, 'Strongly Agree', 47, 1),
(3657, 'Agree', 47, 1),
(3658, 'Strongly Agree', 47, 1),
(3659, 'Strongly Agree', 47, 1),
(3660, 'Lubos na sumasang-ayon', 48, 1),
(3661, 'Strongly Agree', 47, 1),
(3662, 'Strongly Agree', 47, 1),
(3663, 'Agree', 47, 1),
(3664, 'Strongly Agree', 47, 1),
(3665, 'Strongly Agree', 47, 1),
(3666, 'Strongly Agree', 47, 1),
(3667, 'Strongly Agree', 47, 1);

-- --------------------------------------------------------

--
-- Table structure for table `sessions`
--

CREATE TABLE `sessions` (
  `id` int(10) UNSIGNED NOT NULL,
  `session_name` varchar(255) DEFAULT NULL,
  `remarks` text,
  `has_token` varchar(40) DEFAULT NULL
) ENGINE=InnoDB DEFAULT CHARSET=utf8;

--
-- Dumping data for table `sessions`
--

INSERT INTO `sessions` (`id`, `session_name`, `remarks`, `has_token`) VALUES
(1, 'Developing a Research-based Biomedical Device and Diagnostics Industry', 'Parallel Session 1', 'No'),
(2, 'Academe and Industry Stakeholders Forum on Technology Commercialization', 'Parallel Session 2', 'No'),
(3, '3-Minute Pitch to Policymakers', 'Parallel Session 3', 'No'),
(4, 'PAMJE Annual Educational Session and 7th General Assembly', 'Parallel Session 4', 'No'),
(5, 'PCHRD Scholars Society General Assembly', 'Parallel Session 5', 'No'),
(6, '37th PCHRD Anniversary', 'Plenary', 'Yes'),
(7, 'DIAGNOSTIC INNOVATIONS FROM LAB TO MARKET: Translating Good Ideas into Lasting Impact', 'Preconference', 'No'),
(8, 'Health Cluster Exhibits', 'National Science & Technology Week 2019 - English', 'Yes'),
(9, 'Health Cluster Exhibits', 'National Science & Technology Week 2019 - Filipino', 'Yes'),
(10, '13th PNHRS Week Celebration', NULL, 'Yes'),
(11, 'Hataw Agham Vol. 5', NULL, 'No');

-- --------------------------------------------------------

--
-- Table structure for table `session_questions`
--

CREATE TABLE `session_questions` (
  `id` int(10) UNSIGNED NOT NULL,
  `session_id` int(10) UNSIGNED DEFAULT NULL,
  `question_id` int(10) UNSIGNED DEFAULT NULL,
  `question_type` int(10) UNSIGNED DEFAULT NULL,
  `order` int(10) UNSIGNED DEFAULT NULL
) ENGINE=InnoDB DEFAULT CHARSET=utf8;

--
-- Dumping data for table `session_questions`
--

INSERT INTO `session_questions` (`id`, `session_id`, `question_id`, `question_type`, `order`) VALUES
(1, 1, 14, 1, 1),
(2, 1, 2, 4, 2),
(3, 1, 19, 4, 3),
(4, 1, 4, 4, 5),
(5, 1, 5, 4, 6),
(6, 1, 6, 5, 7),
(7, 1, 7, 5, 8),
(8, 2, 8, 1, 1),
(9, 2, 2, 4, 2),
(10, 2, 21, 4, 3),
(11, 2, 4, 4, 5),
(12, 2, 5, 4, 6),
(13, 2, 6, 5, 7),
(14, 2, 7, 5, 8),
(15, 3, 9, 1, 1),
(16, 3, 10, 2, 2),
(17, 3, 11, 2, 3),
(18, 3, 12, 2, 4),
(19, 3, 13, 2, 5),
(20, 3, 7, 5, 6),
(21, 4, 15, 1, 1),
(22, 4, 2, 4, 2),
(23, 4, 23, 4, 3),
(24, 4, 4, 4, 4),
(25, 4, 5, 4, 5),
(26, 4, 6, 5, 6),
(28, 4, 7, 5, 7),
(29, 5, 16, 1, 1),
(30, 5, 11, 2, 2),
(31, 5, 12, 2, 3),
(32, 5, 13, 2, 4),
(33, 5, 7, 5, 5),
(34, 6, 17, 1, 1),
(35, 7, 18, 1, 1),
(37, 7, 10, 2, 3),
(38, 7, 11, 2, 4),
(39, 7, 12, 2, 5),
(40, 7, 13, 2, 6),
(41, 7, 7, 5, 7),
(42, 1, 20, 2, 4),
(43, 2, 22, 2, 4),
(45, 6, 7, 5, 2),
(46, 7, 24, 2, 2),
(47, 8, 25, 1, NULL),
(48, 9, 26, 1, NULL),
(49, 10, 27, 1, NULL),
(50, 11, 28, 4, 1),
(51, 11, 29, 4, 2),
(52, 11, 30, 4, 3),
(53, 11, 31, 4, 4),
(54, 11, 32, 4, 5),
(55, 11, 33, 6, 6),
(56, 11, 34, 5, 7);

-- --------------------------------------------------------

--
-- Table structure for table `speakers`
--

CREATE TABLE `speakers` (
  `id` int(10) UNSIGNED NOT NULL,
  `full_name` varchar(255) DEFAULT NULL,
  `session_id` int(10) UNSIGNED DEFAULT NULL
) ENGINE=InnoDB DEFAULT CHARSET=utf8;

--
-- Dumping data for table `speakers`
--

INSERT INTO `speakers` (`id`, `full_name`, `session_id`) VALUES
(1, 'Dr. Junjie Chiong', 1),
(2, 'Ms. Tala de los Santos', 1),
(3, 'Dr. Russell Walker', 2),
(4, 'Dr. Michael Braun', 2),
(5, 'Prof. Dr. Jose Florencio Lapeña, Jr.', 4);

--
-- Indexes for dumped tables
--

--
-- Indexes for table `membership_grouppermissions`
--
ALTER TABLE `membership_grouppermissions`
  ADD PRIMARY KEY (`permissionID`),
  ADD UNIQUE KEY `groupID_tableName` (`groupID`,`tableName`);

--
-- Indexes for table `membership_groups`
--
ALTER TABLE `membership_groups`
  ADD PRIMARY KEY (`groupID`),
  ADD UNIQUE KEY `name` (`name`);

--
-- Indexes for table `membership_userpermissions`
--
ALTER TABLE `membership_userpermissions`
  ADD PRIMARY KEY (`permissionID`),
  ADD UNIQUE KEY `memberID_tableName` (`memberID`,`tableName`);

--
-- Indexes for table `membership_userrecords`
--
ALTER TABLE `membership_userrecords`
  ADD PRIMARY KEY (`recID`),
  ADD UNIQUE KEY `tableName_pkValue` (`tableName`,`pkValue`),
  ADD KEY `pkValue` (`pkValue`),
  ADD KEY `tableName` (`tableName`),
  ADD KEY `memberID` (`memberID`),
  ADD KEY `groupID` (`groupID`);

--
-- Indexes for table `membership_users`
--
ALTER TABLE `membership_users`
  ADD PRIMARY KEY (`memberID`),
  ADD KEY `groupID` (`groupID`);

--
-- Indexes for table `membership_usersessions`
--
ALTER TABLE `membership_usersessions`
  ADD UNIQUE KEY `memberID_token_agent` (`memberID`,`token`,`agent`),
  ADD KEY `memberID` (`memberID`),
  ADD KEY `expiry_ts` (`expiry_ts`);

--
-- Indexes for table `questions`
--
ALTER TABLE `questions`
  ADD PRIMARY KEY (`id`);

--
-- Indexes for table `question_types`
--
ALTER TABLE `question_types`
  ADD PRIMARY KEY (`id`);

--
-- Indexes for table `respondents`
--
ALTER TABLE `respondents`
  ADD PRIMARY KEY (`id`);

--
-- Indexes for table `responses`
--
ALTER TABLE `responses`
  ADD PRIMARY KEY (`id`),
  ADD KEY `question_id` (`question_id`),
  ADD KEY `respondent_id` (`respondent_id`);

--
-- Indexes for table `sessions`
--
ALTER TABLE `sessions`
  ADD PRIMARY KEY (`id`);

--
-- Indexes for table `session_questions`
--
ALTER TABLE `session_questions`
  ADD PRIMARY KEY (`id`),
  ADD KEY `session_id` (`session_id`),
  ADD KEY `question` (`question_id`),
  ADD KEY `question_type` (`question_type`);

--
-- Indexes for table `speakers`
--
ALTER TABLE `speakers`
  ADD PRIMARY KEY (`id`),
  ADD KEY `session_id` (`session_id`);

--
-- AUTO_INCREMENT for dumped tables
--

--
-- AUTO_INCREMENT for table `membership_grouppermissions`
--
ALTER TABLE `membership_grouppermissions`
  MODIFY `permissionID` int(10) UNSIGNED NOT NULL AUTO_INCREMENT, AUTO_INCREMENT=49;

--
-- AUTO_INCREMENT for table `membership_groups`
--
ALTER TABLE `membership_groups`
  MODIFY `groupID` int(10) UNSIGNED NOT NULL AUTO_INCREMENT, AUTO_INCREMENT=13;

--
-- AUTO_INCREMENT for table `membership_userpermissions`
--
ALTER TABLE `membership_userpermissions`
  MODIFY `permissionID` int(10) UNSIGNED NOT NULL AUTO_INCREMENT;

--
-- AUTO_INCREMENT for table `membership_userrecords`
--
ALTER TABLE `membership_userrecords`
  MODIFY `recID` bigint(20) UNSIGNED NOT NULL AUTO_INCREMENT, AUTO_INCREMENT=112;

--
-- AUTO_INCREMENT for table `questions`
--
ALTER TABLE `questions`
  MODIFY `id` int(10) UNSIGNED NOT NULL AUTO_INCREMENT, AUTO_INCREMENT=35;

--
-- AUTO_INCREMENT for table `question_types`
--
ALTER TABLE `question_types`
  MODIFY `id` int(10) UNSIGNED NOT NULL AUTO_INCREMENT, AUTO_INCREMENT=7;

--
-- AUTO_INCREMENT for table `respondents`
--
ALTER TABLE `respondents`
  MODIFY `id` int(10) UNSIGNED NOT NULL AUTO_INCREMENT, AUTO_INCREMENT=2;

--
-- AUTO_INCREMENT for table `responses`
--
ALTER TABLE `responses`
  MODIFY `id` int(10) UNSIGNED NOT NULL AUTO_INCREMENT, AUTO_INCREMENT=3668;

--
-- AUTO_INCREMENT for table `sessions`
--
ALTER TABLE `sessions`
  MODIFY `id` int(10) UNSIGNED NOT NULL AUTO_INCREMENT, AUTO_INCREMENT=12;

--
-- AUTO_INCREMENT for table `session_questions`
--
ALTER TABLE `session_questions`
  MODIFY `id` int(10) UNSIGNED NOT NULL AUTO_INCREMENT, AUTO_INCREMENT=57;

--
-- AUTO_INCREMENT for table `speakers`
--
ALTER TABLE `speakers`
  MODIFY `id` int(10) UNSIGNED NOT NULL AUTO_INCREMENT, AUTO_INCREMENT=6;
COMMIT;

/*!40101 SET CHARACTER_SET_CLIENT=@OLD_CHARACTER_SET_CLIENT */;
/*!40101 SET CHARACTER_SET_RESULTS=@OLD_CHARACTER_SET_RESULTS */;
/*!40101 SET COLLATION_CONNECTION=@OLD_COLLATION_CONNECTION */;
